Lead,Sample_type,Sample_name,N,C,N_wt,C_wt,C_N_wt,,,,
RB,Blood,RBC1a,11.11,-16.23,13.4,48.7,3.6,,,,
RB,Blood,RBC3b,11.58,-16.16,14.2,48.6,3.4,,,,
RB,Blood,RBC4a,10.93,-15.70,13.8,47.7,3.5,,,,
RB,Blood,RBC5a,11.23,-17.09,14.0,48.3,3.4,,,,
RB,Blood,RBC7a,10.94,-17.65,13.9,48.3,3.5,,,,
RB,Blood,RBC8a,11.87,-15.89,14.2,48.6,3.4,,,,
RB,Blood,RBC9a,11.42,-15.92,13.8,47.4,3.4,,,,
RB,Blood,RBC10a,11.72,-15.98,14.4,49.3,3.4,,,,
RB,Blood,RBC11c,10.42,-17.10,13.9,48.4,3.5,,,,
RB,Blood,RBC12a,10.36,-16.62,14.1,48.3,3.4,,,,
RB,Blood,RBC13a,10.23,-16.52,14.4,49.1,3.4,,,,
RB,Blood,RBC14a,11.01,-16.36,13.7,48.1,3.5,,,,
RB,Blood,RBC15a,10.27,-17.13,13.7,49.6,3.6,,,,
RB,Blood,RBC16a,10.54,-15.60,13.7,47.8,3.5,,,,
RB,Blood,RBC17a,10.82,-16.60,13.7,47.7,3.5,,,,
RB,Blood,RBC18a,10.71,-16.54,13.8,47.8,3.5,,,,
RB,Blood,RBC20c,11.39,-16.38,14.3,49.5,3.5,,,,
RB,Blood,RBC21a,10.79,-16.92,14.2,48.6,3.4,,,,
RB,Blood,RBC22c,10.77,-16.92,14.1,48.8,3.5,,,,
RB,Skin,T01280,11.45,-14.41,14.7,43.3,2.9,,,,
RB,Skin,T01303,13.04,-14.62,14.9,44.0,3.0,,,,
RB,Skin,T01365,11.30,-13.87,14.3,43.7,3.0,,,,
RB,Skin,T01373,11.78,-14.32,14.3,42.4,3.0,,,,
RB,Skin,T01390,12.71,-14.33,14.1,43.5,3.1,,,,
RB,Skin,T01400,12.50,-16.00,14.6,44.4,3.0,,,,
RB,Skin,T01408,12.93,-15.03,14.5,42.4,2.9,,,,
RB,Skin,T01432,11.43,-14.71,14.8,44.6,3.0,,,,
RB,Skin,T01445,11.23,-14.77,14.5,43.6,3.0,,,,
RB,Skin,T01446,13.28,-14.80,14.7,44.0,3.0,,,,
RB,Skin,T01460,11.50,-14.60,14.4,44.4,3.1,,,,
RB,Skin,T01465,11.32,-15.11,14.4,43.9,3.0,,,,
RB,Skin,T01467,13.40,-14.18,14.7,43.4,2.9,,,,
RB,Skin,T01469,12.66,-14.46,14.8,44.2,3.0,,,,
RB,Skin,T01470,13.28,-15.86,14.6,44.4,3.0,,,,
RB,Skin,T01517,12.16,-14.87,14.4,43.7,3.0,,,,
RB,Skin,T01524,12.89,-15.02,14.5,44.9,3.1,,,,
RB,Skin,T01530,11.64,-15.06,14.6,43.6,3.0,,,,
RB,Skin,T01567,10.80,-14.83,14.7,44.5,3.0,,,,
RB,Skin,T01571,10.37,-15.06,14.9,45.2,3.0,,,,
RB,Skin,T01587,12.61,-14.66,14.7,43.8,3.0,,,,
RB,Blood,RBC23c,10.53,-16.72,14.3,48.8,3.4,,,,
RB,Blood,RBC24a,10.85,-16.80,14.5,49.5,3.4,,,,
RB,Blood,RBC25a,10.68,-16.66,14.3,48.5,3.4,,,,
RB,Blood,RBC26b,11.27,-16.68,14.3,48.4,3.4,,,,
RB,Blood,RBC27b,12.09,-15.56,14.0,47.9,3.4,,,,
RB,Blood,RBC28a,11.23,-16.82,14.4,48.5,3.4,,,,
RB,Blood,RBC29a,10.37,-16.46,14.5,48.9,3.4,,,,
RB,Blood,RBC30a,11.26,-15.91,14.3,48.6,3.4,,,,
RB,Blood,RBC31b,10.94,-16.72,14.2,48.5,3.4,,,,
RB,Blood,RBC32a,10.93,-16.55,14.0,47.9,3.4,,,,
RB,Blood,RBC33a,10.33,-16.32,14.4,49.3,3.4,,,,
RB,Blood,RBC34a,11.14,-16.07,14.4,48.4,3.4,,,,
RB,Blood,RBC35a,10.45,-16.85,14.2,49.6,3.5,,,,
RB,Blood,RBC36a,11.34,-16.29,14.7,49.5,3.4,,,,
RB,Blood,RBC37a,10.44,-16.46,14.1,48.5,3.4,,,,
RB,Blood,RBC38a,11.11,-16.66,14.4,48.8,3.4,,,,
RB,Blood,RBC39a,10.53,-16.73,14.3,48.7,3.4,,,,
RB,Blood,RBC40a,11.85,-16.64,14.1,48.8,3.5,,,,
RB,Blood,RBC41a,11.24,-16.09,14.8,49.2,3.3,,,,
RB,Blood,RBC42a,11.26,-16.04,14.3,48.5,3.4,,,,
RB,Blood,RBC43a,10.22,-16.98,14.2,48.8,3.4,,,,
RB,Blood,RBC44a,11.60,-17.19,14.4,48.7,3.4,,,,
RB,Blood,RBC45a,11.21,-16.67,14.6,49.1,3.4,,,,
RB,Blood,RBC46a,10.37,-16.85,14.3,49.0,3.4,,,,
RB,Blood,RBC47a,10.52,-16.62,14.3,48.8,3.4,,,,
RB,Blood,RBC48a,10.72,-16.91,14.3,49.3,3.4,,,,
RB,Blood,RBC49a,10.39,-16.70,14.5,49.4,3.4,,,,
RB,Blood,RBC50a,10.19,-16.79,14.5,49.4,3.4,,,,
RB,Blood,RBC51a,11.71,-15.34,14.3,48.9,3.4,,,,
RB,Blood,RBC52a,11.29,-16.82,14.4,49.0,3.4,,,,
RB,Blood,RBC53a,11.46,-16.42,14.5,49.2,3.4,,,,
RB,Blood,RBC54a,10.92,-15.86,14.7,49.2,3.3,,,,
RB,Skin,T00793,12.45,-14.35,14.5,43.7,3.0,,,,
RB,Skin,T00825,11.82,-16.17,14.9,44.6,3.0,,,,
RB,Skin,T01258,12.11,-15.29,14.3,43.3,3.0,,,,
RB,Skin,T01266,11.98,-15.54,14.4,44.7,3.1,,,,
RB,Skin,T01272,11.96,-15.32,14.3,43.8,3.1,,,,
RB,Skin,T01291,11.59,-16.15,14.3,44.7,3.1,,,,
RB,Skin,T01292,11.87,-15.59,14.6,44.9,3.1,,,,
RB,Skin,T01295,11.44,-16.50,14.8,44.7,3.0,,,,
RB,Skin,T01311,12.47,-15.43,14.5,44.5,3.1,,,,
RB,Skin,T01322,11.25,-14.42,14.6,43.8,3.0,,,,
RB,Skin,T01339,12.34,-15.39,14.0,43.3,3.1,,,,
RB,Skin,T01384,11.45,-15.93,14.5,44.8,3.1,,,,
RB,Skin,T01401,12.39,-15.17,15.1,44.4,3.0,,,,
RB,Skin,T01431,11.82,-16.08,14.7,44.9,3.1,,,,
RB,Skin,T01440,11.63,-14.97,14.7,44.7,3.0,,,,
RB,Skin,T01450,11.73,-16.07,14.6,44.7,3.1,,,,
RB,Skin,T01466,12.72,-14.07,14.8,44.5,3.0,,,,
RB,Skin,T01468,11.87,-15.88,14.5,44.3,3.1,,,,
RB,Skin,T01475,11.73,-16.50,14.1,44.1,3.1,,,,
RB,Skin,T01481,13.40,-13.61,14.5,44.2,3.0,,,,
RB,Skin,T01482,11.57,-14.89,14.4,43.9,3.1,,,,
RB,Skin,T01496,12.49,-13.78,14.5,43.6,3.0,,,,
RB,Skin,T01498,11.36,-14.68,14.5,44.4,3.1,,,,
RB,Skin,T01512,13.16,-15.10,14.8,45.2,3.1,,,,
RB,Skin,T01527,12.56,-15.98,14.4,43.4,3.0,,,,
RB,Skin,T01537,11.74,-15.60,15.0,44.6,3.0,,,,
RB,Skin,T01545,12.37,-14.18,15.2,45.2,3.0,,,,
RB,Skin,T01560,12.42,-15.56,14.4,44.2,3.1,,,,
RB,Skin,T01574,11.48,-14.57,15.0,44.5,3.0,,,,
TT,Skin,F8770,12.86,-16.31,13.1,43.9,3.3,,,,
TT,Skin,F8834,12.39,-18.06,11.7,44.8,3.8,,,,
TT,Skin,F8904,12.93,-16.72,12.1,44.4,3.7,,,,
TT,Skin,F9148,11.85,-17.23,12.9,45.2,3.5,,,,
TT,Skin,F9170,11.96,-17.05,12.3,41.5,3.4,,,,
TT,Skin,F9316,11.78,-16.93,13.0,44.2,3.4,,,,
TT,Skin,F9335,12.12,-17.76,12.0,45.3,3.8,,,,
TT,Skin,F8814,12.23,-17.45,12.8,45.7,3.6,,,,
TT,Skin,F8824,12.62,-17.31,12.6,45.1,3.6,,,,
TT,Skin,F9030,12.49,-16.77,13.5,45.6,3.4,,,,
TT,Skin,F9046,12.91,-16.62,12.7,44.5,3.5,,,,
TT,Skin,F9220,12.69,-16.93,12.7,45.1,3.6,,,,
TT,Skin,G0505,12.50,-16.72,12.9,44.4,3.4,,,,
TT,Skin,G0510,12.23,-17.32,12.9,44.7,3.5,,,,
TT,Skin,G0544,12.59,-17.59,11.6,44.0,3.8,,,,
TT,Skin,F9174,11.77,-17.58,12.5,44.8,3.6,,,,
TT,Skin,F9506,12.36,-17.17,12.1,42.7,3.5,,,,
TT,Skin,G4990,12.62,-17.50,14.4,43.3,3.0,,,,
TT,Skin,G4995,12.98,-16.36,12.5,44.4,3.6,,,,
TT,Skin,G5165,11.86,-17.79,12.1,44.8,3.7,,,,
TT,Skin,G5167,12.19,-16.95,12.7,43.2,3.4,,,,
TT,Skin,G5225,12.69,-16.65,13.3,46.2,3.5,,,,
TT,Skin,G5154,12.28,-17.30,12.3,44.8,3.6,,,,
TT,Skin,G5202,12.32,-16.86,13.0,44.5,3.4,,,,
TT,Skin,G5271,12.01,-17.34,12.9,44.0,3.4,,,,
TT,Skin,F8723,12.59,-16.86,12.9,44.5,3.5,,,,
TT,Skin,F8598,12.72,-16.99,12.8,40.4,3.2,,,,
TT,Skin,F8637,12.24,-15.98,15.0,43.5,2.9,,,,
TT,Skin,G3562,12.13,-16.29,13.8,43.8,3.2,,,,
TT,Skin,F8230,12.92,-16.35,14.0,40.9,2.9,,,,
TT,Skin,F8505,12.30,-16.95,11.3,36.5,3.2,,,,
TT,Skin,F8537,13.16,-16.23,14.7,42.7,2.9,,,,
TT,Skin,F8541,11.53,-17.24,12.1,38.3,3.2,,,,
TT,Skin,F6573,12.56,-15.57,12.2,42.3,3.5,,,,
TT,Skin,F8357,11.89,-17.85,13.2,44.1,3.3,,,,
TT,Skin,F8386,12.85,-18.10,12.6,43.4,3.4,,,,
TT,Skin,F8395,12.53,-16.61,14.1,42.5,3.0,,,,
TT,Skin,F8619,13.16,-16.34,13.8,41.0,3.0,,,,
TT,Skin,F8720,12.96,-15.12,14.2,42.1,3.0,,,,
TT,Skin,F8813,12.07,-16.43,14.0,41.2,2.9,,,,
TT,Skin,F8660,10.04,-15.06,0.1,44.1,551.2,,,,
TT,Skin,F8503,12.49,-16.55,15.7,44.6,2.8,,,,
TT,Skin,F8482,12.67,-17.27,15.8,45.8,2.9,,,,
TT,Skin,F8296,12.70,-17.56,14.9,43.7,2.9,,,,
TT,Skin,F8547,12.78,-17.08,15.4,44.2,2.9,,,,
TT,Skin,F8711,12.97,-16.00,15.8,44.8,2.8,,,,
TT,Skin,F8554,12.66,-17.42,14.8,43.7,3.0,,,,
TT,Skin,F8525,12.73,-16.26,14.8,43.9,3.0,,,,
TT,Skin,F8733,12.88,-17.60,14.8,44.8,3.0,,,,
TT,Skin,F8718,12.90,-17.59,15.3,45.1,3.0,,,,
TT,Skin,F8559,13.06,-17.34,15.7,45.1,2.9,,,,
TT,Skin,F8714,11.67,-14.75,11.4,44.8,3.9,,,,
TT,Skin,F8353,11.91,-15.09,13.7,45.5,3.3,,,,
TT,Skin,F8656,12.13,-17.92,14.1,43.8,3.1,,,,
TT,Skin,F8705,12.48,-16.22,15.2,44.1,2.9,,,,
TT,Skin,F8439,13.57,-16.56,15.5,45.1,2.9,,,,
TT,Skin,F8729,12.21,-17.98,13.9,43.9,3.2,,,,
TT,Skin,F8292,12.71,-16.94,15.4,44.3,2.9,,,,
TT,Skin,F8555,12.81,-16.07,15.4,44.6,2.9,,,,
TT,Skin,F8655,12.53,-17.09,15.1,43.7,2.9,,,,
TT,Skin,F8142,12.62,-16.94,15.0,43.9,2.9,,,,
TT,Skin,F8175,12.71,-16.19,15.2,43.2,2.9,,,,
TT,Skin,F7850,12.84,-16.03,15.7,45.0,2.9,,,,
TT,Skin,F8074,12.97,-16.48,16.1,45.1,2.8,,,,
TT,Skin,F8688,11.97,-17.51,14.5,43.6,3.0,,,,
TT,Skin,F8075,12.54,-15.65,15.9,44.5,2.8,,,,
TT,Skin,F8683,11.84,-17.52,13.5,44.5,3.3,,,,
TT,Skin,F7984,12.17,-18.11,13.9,46.4,3.3,,,,
TT,Skin,F8759,12.47,-16.29,15.7,44.3,2.8,,,,
TT,Skin,F7994,12.87,-16.46,15.6,45.0,2.9,,,,
TT,Skin,F8738,10.46,-15.76,1.0,41.4,42.1,,,,
TT,Skin,F8769,12.09,-17.59,14.0,44.4,3.2,,,,
TT,Skin,F8682,12.14,-15.96,15.0,43.8,2.9,,,,
TT,Skin,F8584,12.24,-16.37,13.9,43.2,3.1,,,,
TT,Skin,F7893,12.32,-16.95,15.4,44.8,2.9,,,,
TT,Skin,F7949,13.10,-16.42,15.2,44.5,2.9,,,,
TT,Skin,F8161,13.24,-15.97,14.8,44.1,3.0,,,,
TT,Skin,F6304,12.41,-17.0,NA,NA,NA,,,,
TT,Skin,G0495,12.68,-17.6,NA,NA,NA,,,,
TT,Skin,G0427,13.13,-16.8,NA,NA,NA,,,,
TT,Skin,G0458,12.26,-16.4,NA,NA,NA,,,,
TT,Skin,G0478,12.53,-16.5,NA,NA,NA,,,,
TT,Skin,G0450,12.57,-16.3,NA,NA,NA,,,,
TT,Skin,G0469,12.09,-16.3,NA,NA,NA,,,,
TT,Skin,G0551,12.68,-17.3,NA,NA,NA,,,,
TT,Skin,G0540,13.05,-16.2,NA,NA,NA,,,,
TT,Skin,G0502,13.08,-16.3,NA,NA,NA,,,,
TT,Skin,G0512,12.01,-16.9,NA,NA,NA,,,,
TT,Skin,G0475,12.31,-15.9,NA,NA,NA,,,,
TT,Skin,G0508,12.40,-15.8,NA,NA,NA,,,,
TT,Skin,G0437,12.53,-16.5,NA,NA,NA,,,,
TT,Skin,G0509,12.75,-16.4,NA,NA,NA,,,,
TT,Skin,G0481,12.87,-16.8,NA,NA,NA,,,,
TT,Skin,G0430,12.88,-17.4,NA,NA,NA,,,,
TT,Skin,G0473,13.22,-16.1,NA,NA,NA,,,,
TT,Skin,F9232,12.20,-16.6,NA,NA,NA,,,,
TT,Skin,F8872,12.36,-16.2,NA,NA,NA,,,,
TT,Skin,G0538,11.77,-16.9,NA,NA,NA,,,,
TT,Skin,G0543,12.28,-17.0,NA,NA,NA,,,,
TT,Skin,G0527,13.07,-16.1,NA,NA,NA,,,,
TT,Skin,G0517,11.40,-14.7,NA,NA,NA,,,,
TT,Skin,G0489,11.86,-17.1,NA,NA,NA,,,,
TT,Skin,F9727,11.98,-17.1,NA,NA,NA,,,,