Rosie_ID,US_ID,Biologging ID,Turtle_ID,Sex,Life_stage,Status,Observation_ID,Observation_status,Latitude,Longitude,Flipper_tag_L,Flipper_tag_R,PIT_tag_L,PIT_tag_R,Location_code,Date,Time,CCL,SCL,Mass,CCW,BCI,CT,PT,VT,BCS,Plastron,Reproductive_status,L-M 1,L-M 2,L-M 3,L-S 1,L-S 2,L-S 3,R-M 1,R-M 2,R-M 3,R-S 1,R-S 2,R-S 3,Adipose_mass,Adipose_perc,Biopsy_no,Genetics_no,Blood_ID,Blood_RB,Cloaca_no,Mouth_no,Control_no,Internal temp,Tracker_type,PTT,Deployment_ID,CATS_ID,ARGOS _ID,VHF_Ch/Fr,GTR_tag,GTR_harness,Release_due,Time_tag_on,Turtle_release_time,Retrieval_date,Depth,SST,Comments
3,NA,NA,69558,F,Adult,T,287018,Initial Sighting,-18.03847,122.22767,WB14912,WB14928,9.00119E+14,NA,WK,25/06/2018,13:50,882,NA,NA,689,NA,NA,NA,NA,NA,NA,NA,NA,NA,NA,NA,NA,NA,NA,NA,NA,NA,NA,NA,NA,NA,F7859,F8142,149,,NA,NA,NA,NA,NA,NA,,NA,NA,NA,NA,NA,NA,NA,NA,NA,NA,NA,NA
2,NA,NA,69559,F,Adult,T,287019,Initial Sighting,-18.02872,122.23503,WB14851,WB14852,9.00119E+14,NA,WK,25/06/2018,14:30,880,NA,NA,738,NA,NA,NA,NA,NA,NA,NA,NA,NA,NA,NA,NA,NA,NA,NA,NA,NA,NA,NA,NA,NA,F7902,F8175,150,,NA,NA,NA,NA,NA,NA,,NA,NA,NA,NA,NA,NA,NA,NA,NA,NA,NA,NA
1,NA,NA,33421,F,Adult,T,287039,Resighting,-18.026433,122.24285,WB11192,WB14971,9.00006E+14,NA,BW,25/06/2018,15:30,860,NA,NA,738,NA,NA,NA,NA,NA,NA,NA,NA,NA,NA,NA,NA,NA,NA,NA,NA,NA,NA,NA,NA,NA,F8599,F8655,151,,NA,NA,NA,NA,NA,NA,,NA,NA,NA,NA,NA,NA,NA,NA,NA,NA,NA,NA
144,NA,NA,69560,M,Adult,T,287020,Initial Sighting,NA,NA,WB15079,WB15080,9.00119E+14,NA,NA,26/06/2018,12:00,814,NA,57,639,1.047551138,NA,32,8,NA,NA,NA,NA,NA,NA,NA,NA,NA,NA,NA,NA,NA,NA,NA,NA,NA,F7850,F8072,153,,NA,NA,NA,NA,NA,NA,,NA,NA,NA,NA,NA,NA,NA,NA,NA,NA,NA,NA
132,NA,NA,69561,I,Subadult,T,287021,Initial Sighting,-18.03415,122.25865,WB14853,WB14854,9.00119E+14,NA,NA,26/06/2018,14:15,729,NA,NA,615,NA,NA,NA,NA,NA,NA,NA,NA,NA,NA,NA,NA,NA,NA,NA,NA,NA,NA,NA,NA,NA,NA,NA,NA,,NA,NA,NA,NA,NA,NA,,NA,NA,NA,NA,NA,NA,NA,NA,NA,NA,NA,NA
4,NA,NA,69562,F,Adult,T,287022,Initial Sighting,-18.0295,122.26593,WB14801,WB14802,9.00119E+14,NA,WK,26/06/2018,16:10,878,NA,75,687,1.108096838,NA,NA,NA,NA,NA,NA,NA,NA,NA,NA,NA,NA,NA,NA,NA,NA,NA,NA,NA,NA,F7894,F8074,154,,NA,NA,NA,NA,NA,NA,,NA,NA,NA,NA,NA,NA,NA,NA,NA,NA,NA,NA
5,NA,NA,69563,F,Adult,T,287023,Initial Sighting,-18.02453,122.23558,WB14803,WB14804,9.00119E+14,NA,WK,27/06/2018,13:30,875,NA,82,718,1.216559767,NA,NA,NA,NA,NA,NA,NA,NA,NA,NA,NA,NA,NA,NA,NA,NA,NA,NA,NA,NA,F8010,F8688,155,,NA,NA,NA,NA,NA,NA,,NA,NA,NA,NA,NA,NA,NA,NA,NA,NA,NA,NA
6,NA,NA,69564,F,Adult,T,287024,Initial Sighting,-18.02935,122.2635,WB14856,WB14857,9.00119E+14,NA,WK,27/06/2018,15:00,902,NA,89,770,1.212747517,NA,NA,NA,NA,NA,NA,NA,NA,NA,NA,NA,NA,NA,NA,NA,NA,NA,NA,NA,NA,F7910,F8075,156,,NA,NA,NA,NA,NA,NA,,NA,NA,NA,NA,NA,NA,NA,NA,NA,NA,NA,NA
8,NA,NA,69565,F,Adult,T,287025,Initial Sighting,-18.037,122.2893667,WB14776,WB15031,9.00119E+14,NA,WK,28/06/2018,12:15,900,NA,87,731,1.186556927,NA,NA,NA,NA,NA,NA,NA,NA,NA,NA,NA,NA,NA,NA,NA,NA,NA,NA,NA,NA,F7994,F7892,157,,NA,NA,NA,NA,NA,NA,,NA,NA,NA,NA,NA,NA,NA,NA,NA,NA,NA,NA
7,NA,NA,69566,F,Adult,T,287026,Initial Sighting,-18.0356,122.2836667,WB14858,WB14859,9.00119E+14,NA,WK,28/06/2018,12:50,893,NA,80,703,1.116381811,NA,NA,NA,NA,NA,NA,NA,NA,NA,NA,NA,NA,NA,NA,NA,NA,NA,NA,NA,NA,F8683,F8698,158,,NA,NA,NA,NA,NA,NA,,NA,NA,NA,NA,NA,NA,NA,NA,NA,NA,NA,NA
146,NA,NA,69567,M,Adult,Q,287027,Initial Sighting,-18.03,122.267,WB14779,WB14796,9.00119E+14,NA,NA,28/06/2018,13:20,880,NA,80,698,1.166592318,NA,NA,NA,NA,NA,NA,NA,NA,NA,NA,NA,NA,NA,NA,NA,NA,NA,NA,NA,NA,F7843,F8106,160,,NA,NA,NA,NA,NA,NA,,NA,NA,NA,NA,NA,NA,NA,NA,NA,NA,NA,NA
147,NA,NA,69568,M,Adult,T,287028,Initial Sighting,-18.03,122.267,WB14777,WB14778,9.00119E+14,NA,NA,28/06/2018,13:30,897,NA,81,738,1.115368952,23.5,42.8,8.6,NA,NA,NA,NA,NA,NA,NA,NA,NA,NA,NA,NA,NA,NA,NA,NA,NA,F7984,F5442,159,,NA,NA,NA,NA,NA,NA,,NA,NA,NA,NA,NA,NA,NA,NA,NA,NA,NA,NA
145,NA,NA,69569,M,Adult,T,287029,Initial Sighting,-18.04170833,122.2553333,WB14713,WB14715,9.00119E+14,NA,NA,28/06/2018,14:55,808,NA,61,648,1.146888749,NA,28.5,8,NA,NA,NA,NA,NA,NA,NA,NA,NA,NA,NA,NA,NA,NA,NA,NA,NA,F7891,F8166,161,,NA,NA,NA,NA,NA,NA,,NA,NA,NA,NA,NA,NA,NA,NA,NA,NA,NA,NA
9,NA,NA,69570,M,Adult,Q,287030,Initial Sighting,-18.041708,122.255333,WB14761,WB14799,9.00119E+14,NA,WK,28/06/2018,15:00,926,NA,94,762,1.177548086,25.5,42,9.5,NA,NA,NA,NA,NA,NA,NA,NA,NA,NA,NA,NA,NA,NA,NA,NA,NA,F8759,F7853,162,,NA,NA,NA,NA,NA,NA,,NA,NA,NA,NA,NA,NA,NA,NA,NA,NA,NA,NA
149,NA,NA,69571,M,Adult,T,287031,Initial Sighting,-18.02371667,122.2753167,WB14701,WB14716,9.00119E+14,NA,NA,29/06/2018,12:00,859,NA,75,686,1.175375899,24,40.5,9,NA,NA,NA,NA,NA,NA,NA,NA,NA,NA,NA,NA,NA,NA,NA,NA,NA,F7949,F8569,163,,NA,NA,NA,NA,NA,NA,,NA,NA,NA,NA,NA,NA,NA,NA,NA,NA,NA,NA
14,NA,NA,69572,F,Adult,T,287032,Initial Sighting,-18.02511667,122.2779167,WB14717,WB14718,9.00119E+14,NA,WK,29/06/2018,12:45,875,NA,77,695,1.141924198,NA,NA,NA,NA,NA,NA,NA,NA,NA,NA,NA,NA,NA,NA,NA,NA,NA,NA,NA,NA,F8161,F8701,NA,,NA,NA,NA,NA,NA,NA,,NA,NA,NA,NA,NA,NA,NA,NA,NA,NA,NA,NA
11,NA,NA,69573,F,Adult,Q,287033,Initial Sighting,-18.02301667,122.2706667,WB14719,WB14720,9.00119E+14,NA,WK,29/06/2018,13:15,857,NA,79,708,1.255118195,NA,NA,NA,NA,NA,NA,NA,NA,NA,NA,NA,NA,NA,NA,NA,NA,NA,NA,NA,NA,F7893,F7946,165,,NA,NA,NA,NA,NA,NA,,NA,NA,NA,NA,NA,NA,NA,NA,NA,NA,NA,NA
148,NA,NA,69574,M,Adult,T,287034,Initial Sighting,-18.02535,122.2587,WB14721,WB14722,9.00119E+14,NA,NA,29/06/2018,13:20,834,NA,71,700,1.215320896,21.5,36.5,8.5,NA,NA,NA,NA,NA,NA,NA,NA,NA,NA,NA,NA,NA,NA,NA,NA,NA,F8738,F8468,166,,NA,NA,NA,NA,NA,NA,,NA,NA,NA,NA,NA,NA,NA,NA,NA,NA,NA,NA
12,NA,NA,69575,F,Adult,T,287035,Initial Sighting,-18.02475,122.2622333,WB14725,WB14860,9.00119E+14,NA,WK,29/06/2018,14:00,857,NA,76,683,1.207455479,NA,NA,NA,NA,NA,NA,NA,NA,NA,NA,NA,NA,NA,NA,NA,NA,NA,NA,NA,NA,F8584,F8037,168,,NA,NA,NA,NA,NA,NA,,NA,NA,NA,NA,NA,NA,NA,NA,NA,NA,NA,NA
13,NA,NA,69576,F,Adult,T,287036,Initial Sighting,-18.02011667,122.26,WB14723,WB14724,9.00119E+14,NA,WK,29/06/2018,14:00,858,NA,74,721,1.163658311,NA,NA,NA,NA,NA,NA,NA,NA,NA,NA,NA,NA,NA,NA,NA,NA,NA,NA,NA,NA,F8705,F8086,167,,NA,NA,NA,NA,NA,NA,,NA,NA,NA,NA,NA,NA,NA,NA,NA,NA,NA,NA
10,NA,NA,69577,F,Adult,T,287037,Initial Sighting,-18.02446667,122.2435,WB14861,WB14862,9.00119E+14,NA,WK,29/06/2018,15:15,835,NA,79,719,1.356961934,NA,NA,NA,NA,NA,NA,NA,NA,NA,NA,NA,NA,NA,NA,NA,NA,NA,NA,NA,NA,F8769,F8706,169,,NA,NA,NA,NA,NA,NA,,NA,NA,NA,NA,NA,NA,NA,NA,NA,NA,NA,NA
150,NA,NA,69578,M,Adult,T,287038,Initial Sighting,-18.030883,122.2541,WB14863,WB14864,9.00119E+14,NA,NA,29/06/2018,15:20,859,NA,85,726,1.333144476,23.5,36,10.5,NA,NA,NA,NA,NA,NA,NA,NA,NA,NA,NA,NA,NA,NA,NA,NA,NA,F8682,F8465,170,,NA,NA,NA,NA,NA,NA,,NA,NA,NA,NA,NA,NA,NA,NA,NA,NA,NA,NA
152,NA,NA,69579,M,Adult,T,287048,Initial Sighting,-18.02979,122.27089,WB14806,WB14807,9.00119E+14,NA,NA,27/08/2018,13:25,906,NA,84,717,1.122798652,24.5,41,9,NA,NA,NA,NA,NA,NA,NA,NA,NA,NA,NA,NA,NA,NA,NA,NA,NA,F8660,F8097,171,,NA,NA,NA,NA,NA,NA,,NA,NA,NA,NA,NA,NA,NA,NA,NA,NA,NA,NA
15,NA,NA,69580,F,Adult,T,287049,Initial Sighting,-18.03092,122.27431,WB14808,WB14809,9.00119E+14,NA,WK,27/08/2018,14:20,845,NA,76,720,1.259631363,NA,NA,NA,NA,NA,NA,NA,NA,NA,NA,NA,NA,NA,NA,NA,NA,NA,NA,NA,NA,F8296,F8596,172,,NA,NA,NA,NA,NA,NA,,NA,NA,NA,NA,NA,NA,NA,NA,NA,NA,NA,NA
18,NA,NA,69581,F,Adult,T,287050,Initial Sighting,-18.0245,122.271667,WB14828,WB14832,9.00119E+14,NA,WK,27/08/2018,14:58,876,NA,83,710,1.227274272,NA,NA,NA,NA,NA,NA,NA,NA,NA,NA,NA,NA,NA,NA,NA,NA,NA,NA,NA,NA,F8547,F8603,173,,NA,NA,NA,NA,NA,NA,,NA,NA,NA,NA,NA,NA,NA,NA,NA,NA,NA,NA
19,NA,NA,69582,F,Adult,T,287051,Initial Sighting,-18.03068,122.26827,WB14833,WB14834,9.00119E+14,NA,WK,27/08/2018,15:20,918,NA,85,743,1.092266629,NA,NA,NA,NA,NA,NA,NA,NA,NA,NA,NA,NA,NA,NA,NA,NA,NA,NA,NA,NA,F8503,F8731,174,,NA,NA,NA,NA,NA,NA,,NA,NA,NA,NA,NA,NA,NA,NA,NA,NA,NA,NA
16,NA,NA,69583,F,Adult,T,287052,Initial Sighting,-18.03026,122.10786,WB14810,WB14811,9.00119E+14,NA,WK,27/08/2018,15:21,849,NA,NA,708,NA,NA,NA,NA,NA,NA,NA,NA,NA,NA,NA,NA,NA,NA,NA,NA,NA,NA,NA,NA,NA,F8711,F8749,175,,NA,NA,NA,NA,NA,NA,,NA,NA,NA,NA,NA,NA,NA,NA,NA,NA,NA,NA
17,NA,NA,69584,F,Adult,T,287053,Initial Sighting,-18.0281,122.26332,WB14812,WB14813,9.00119E+14,NA,WK,27/08/2018,15:45,874,NA,82,734,1.220740381,NA,NA,NA,NA,NA,NA,NA,NA,NA,NA,NA,NA,NA,NA,NA,NA,NA,NA,NA,NA,F8308,F7967,176,,NA,NA,NA,NA,NA,NA,,NA,NA,NA,NA,NA,NA,NA,NA,NA,NA,NA,NA
151,NA,NA,69585,M,Adult,T,287054,Initial Sighting,NA,NA,WB14836,WB14837,9.00119E+14,NA,NA,27/08/2018,16:25,855,NA,70,710,1.111953076,20.5,39,8.5,NA,NA,NA,NA,NA,NA,NA,NA,NA,NA,NA,NA,NA,NA,NA,NA,NA,F8482,F8492,177,,NA,NA,NA,NA,NA,NA,,NA,NA,NA,NA,NA,NA,NA,NA,NA,NA,NA,NA
135,NA,NA,69602,I,Juvenile,T,287075,Resighting,-18.03573,122.24868,NA,NA,9.00119E+14,NA,NA,27/08/2018,NA,320,NA,NA,NA,NA,NA,NA,NA,NA,NA,NA,NA,NA,NA,NA,NA,NA,NA,NA,NA,NA,NA,NA,NA,NA,NA,NA,NA,,NA,NA,NA,NA,NA,NA,,NA,NA,NA,NA,NA,NA,NA,NA,NA,NA,NA,NA
153,NA,NA,69587,M,Adult,T,287056,Initial Sighting,-18.0274,122.27382,WB14816,WB14817,9.00119E+14,NA,NA,28/08/2018,13:50,807,NA,66,669,1.24629455,21.5,32,11.5,NA,NA,NA,NA,NA,NA,NA,NA,NA,NA,NA,NA,NA,NA,NA,NA,NA,F8718,F8009,179,,NA,NA,NA,NA,NA,NA,,NA,NA,NA,NA,NA,NA,NA,NA,NA,NA,NA,NA
20,NA,NA,69588,F,Adult,T,287057,Initial Sighting,-18.03311,122.26976,WB14838,WB14839,9.00119E+14,NA,WK,28/08/2018,14:46,872,NA,85,744,1.274404376,NA,NA,NA,NA,NA,NA,NA,NA,NA,NA,NA,NA,NA,NA,NA,NA,NA,NA,NA,NA,F8554,F8173,180,,NA,NA,NA,NA,NA,NA,,NA,NA,NA,NA,NA,NA,NA,NA,NA,NA,NA,NA
154,NA,NA,69571,M,Adult,T,287070,Resighting,-18.02541,122.27493,WB14701,WB14716,9.00119E+14,NA,NA,28/08/2018,14:52,868,NA,NA,698,NA,NA,NA,NA,NA,NA,NA,NA,NA,NA,NA,NA,NA,NA,NA,NA,NA,NA,NA,NA,NA,F8525,F7896,181,,NA,NA,NA,NA,NA,NA,,NA,NA,NA,NA,NA,NA,NA,NA,NA,NA,NA,NA
21,NA,NA,69589,F,Adult,T,287058,Initial Sighting,-18.02937,122.25929,WB14840,WB14841,9.00119E+14,NA,WK,28/08/2018,15:26,874,NA,NA,707,NA,NA,NA,NA,NA,NA,NA,NA,NA,NA,NA,NA,NA,NA,NA,NA,NA,NA,NA,NA,NA,F7840,F8559,NA,,NA,NA,NA,NA,NA,NA,,NA,NA,NA,NA,NA,NA,NA,NA,NA,NA,NA,NA
155,NA,NA,69590,M,Adult,T,287059,Initial Sighting,-18.00957,122.23888,WB14842,WB14843,9.00119E+14,NA,NA,28/08/2018,16:20,868,NA,71,662,1.078027753,23,41.5,9,NA,NA,NA,NA,NA,NA,NA,NA,NA,NA,NA,NA,NA,NA,NA,NA,NA,F8733,F8531,183,,NA,NA,NA,NA,NA,NA,,NA,NA,NA,NA,NA,NA,NA,NA,NA,NA,NA,NA
22,NA,NA,69591,F,Adult,T,287060,Initial Sighting,-18.03337,122.28074,WB14844,WB14845,9.00119E+14,NA,WK,29/08/2018,13:15,855,NA,NA,700,NA,NA,NA,NA,NA,NA,NA,NA,NA,NA,NA,NA,NA,NA,NA,NA,NA,NA,NA,NA,NA,F8656,F8018,184,,NA,NA,NA,NA,NA,NA,,NA,NA,NA,NA,NA,NA,NA,NA,NA,NA,NA,NA
157,NA,NA,69592,M,Adult,T,287061,Initial Sighting,-18.03054,122.2792,WB14846,WB14847,9.00119E+14,NA,NA,29/08/2018,14:25,858,NA,79,710,1.24281874,20.5,38,7.5,NA,NA,NA,NA,NA,NA,NA,NA,NA,NA,NA,NA,NA,NA,NA,NA,NA,F8714,F8124,185,,NA,NA,NA,NA,NA,NA,,NA,NA,NA,NA,NA,NA,NA,NA,NA,NA,NA,NA
158,NA,NA,69593,M,Adult,T,287062,Initial Sighting,-18.03305,122.28682,WB14818,WB14819,9.00119E+14,NA,NA,29/08/2018,15:07,885,NA,NA,730,NA,20.8,36,8.2,NA,NA,NA,NA,NA,NA,NA,NA,NA,NA,NA,NA,NA,NA,NA,NA,NA,F8439,F7858,186,,NA,NA,NA,NA,NA,NA,,NA,NA,NA,NA,NA,NA,NA,NA,NA,NA,NA,NA
156,NA,NA,69594,M,Adult,T,287063,Initial Sighting,-18.02937,122.26116,WB14848,WB14849,9.00119E+14,NA,NA,29/08/2018,15:43,798,NA,59,634,1.161029722,15,31.5,6,NA,NA,NA,NA,NA,NA,NA,NA,NA,NA,NA,NA,NA,NA,NA,NA,NA,F8353,F8177,187,,NA,NA,NA,NA,NA,NA,,NA,NA,NA,NA,NA,NA,NA,NA,NA,NA,NA,NA
133,NA,NA,69595,I,Subadult,T,287064,Initial Sighting,-18.00941,122.28149,WB14820,WB14821,9.00119E+14,NA,NA,30/08/2018,15:43,614,NA,NA,562,NA,0,8,2.7,NA,NA,NA,NA,NA,NA,NA,NA,NA,NA,NA,NA,NA,NA,NA,NA,NA,NA,NA,NA,,NA,NA,NA,NA,NA,NA,,NA,NA,NA,NA,NA,NA,NA,NA,NA,NA,NA,NA
134,NA,NA,69596,I,Juvenile,T,287065,Initial Sighting,-18.00765,122.30224,WB15047,WB15052,9.00119E+14,NA,NA,31/08/2018,11:36,565,NA,NA,514,NA,NA,NA,NA,NA,NA,NA,NA,NA,NA,NA,NA,NA,NA,NA,NA,NA,NA,NA,NA,NA,NA,NA,NA,,NA,NA,NA,NA,NA,NA,,NA,NA,NA,NA,NA,NA,NA,NA,NA,NA,NA,NA
23,NA,NA,69598,F,Adult,T,287067,Initial Sighting,-18.04557,122.3061,WB14865,WB14866,9.00119E+14,NA,WK,31/08/2018,12:43,928,NA,NA,759,NA,NA,NA,NA,NA,NA,NA,NA,NA,NA,NA,NA,NA,NA,NA,NA,NA,NA,NA,NA,NA,F8292,F8520,192,,NA,NA,NA,NA,NA,NA,,NA,NA,NA,NA,NA,NA,NA,NA,NA,NA,NA,NA
160,NA,NA,69599,M,Adult,T,287068,Initial Sighting,-18.02746,122.3122,WB14822,WB15054,9.00119E+14,NA,NA,31/08/2018,12:43,920,NA,95,725,NA,NA,NA,NA,NA,NA,NA,NA,NA,NA,NA,NA,NA,NA,NA,NA,NA,NA,NA,NA,NA,F8555,F7836,191,,NA,NA,NA,NA,NA,NA,,NA,NA,NA,NA,NA,NA,NA,NA,NA,NA,NA,NA
159,NA,NA,69600,M,Adult,T,287069,Initial Sighting,-18.04081,122.29987,WB14867,WB14868,9.00119E+14,NA,NA,31/08/2018,13:55,848,NA,73,686,1.188914024,26,44.2,10,NA,NA,NA,NA,NA,NA,NA,NA,NA,NA,NA,NA,NA,NA,NA,NA,NA,F8729,F8125,193,,NA,NA,NA,NA,NA,NA,,NA,NA,NA,NA,NA,NA,NA,NA,NA,NA,NA,NA
161,NA,NA,71342,M,Adult,T,297391,Initial Sighting,-18.0337,122.28441,WB9236,WB9237,9.00119E+14,NA,NA,24/06/2019,14:09,812,NA,62,668,1.15804011,21,36,9.5,NA,NA,NA,NA,NA,NA,NA,NA,NA,NA,NA,NA,NA,NA,NA,NA,NA,G0427,F8809,223,,NA,NA,NA,NA,NA,NA,,NA,NA,NA,NA,NA,NA,NA,NA,NA,NA,NA,NA
,NA,NA,NA,F,Adult,T,NA,NA,-18.032,122.269,WB9242,WB9243,NA,NA,NA,24/06/2019,NA,840,NA,NA,NA,NA,NA,NA,NA,NA,NA,NA,NA,NA,NA,NA,NA,NA,NA,NA,NA,NA,NA,NA,NA,NA,F9292,F6304,NA,NA,NA,NA,NA,NA,NA,NA,NA,NA,NA,NA,NA,NA,NA,NA,NA,NA,NA,NA,Added from Tony's
,NA,NA,NA,F,Adult,T,NA,NA,-18.021,122.273,WB20226,WB20227,NA,NA,NA,25/06/2019,NA,846,NA,NA,NA,NA,NA,NA,NA,NA,NA,NA,NA,NA,NA,NA,NA,NA,NA,NA,NA,NA,NA,NA,NA,NA,F9769,G0478,NA,NA,NA,NA,NA,NA,NA,NA,NA,NA,NA,NA,NA,NA,NA,NA,NA,NA,NA,NA,Added from Tony's
24,NA,NA,71343,F,Adult,T,297392,Initial Sighting,-18.03109,122.27234,WB9238,WB9241,9.00119E+14,NA,WK,24/06/2019,15:25,889,NA,87,767,1.238266061,NA,NA,NA,NA,NA,NA,NA,NA,NA,NA,NA,NA,NA,NA,NA,NA,NA,NA,NA,NA,G0495,F9252,224,,NA,NA,NA,NA,NA,NA,,NA,NA,NA,NA,NA,NA,NA,NA,NA,NA,NA,NA
162,NA,NA,71344,M,Adult,T,297393,Initial Sighting,-18.02536,122.24048,WB9244,WB9245,9.00119E+14,NA,NA,25/06/2019,11:52,893,NA,87,738,1.214679581,25,37,8,NA,NA,NA,NA,NA,NA,NA,NA,NA,NA,NA,NA,NA,NA,NA,NA,NA,G0527,F8869,226,,NA,NA,NA,NA,NA,NA,,NA,NA,NA,NA,NA,NA,NA,NA,NA,NA,NA,NA
25,NA,NA,67464,F,Adult,T,297407,Resighting,-18.02294,122.25126,WB9246,WB10492,9.00119E+14,NA,DA,25/06/2019,12:52,872,NA,88,728,1.327190356,NA,NA,NA,NA,NA,NA,NA,NA,NA,NA,NA,NA,NA,NA,NA,NA,NA,NA,NA,NA,G0450,F9230,227,,NA,NA,NA,NA,NA,NA,,NA,NA,NA,NA,NA,NA,NA,NA,NA,NA,NA,NA
26,NA,NA,71345,F,Adult,T,297394,Initial Sighting,-18.02018,122.25545,WB9233,WB21550,9.00119E+14,NA,WK,25/06/2019,13:49,890,NA,81,762,1.148986693,NA,NA,NA,NA,NA,NA,NA,NA,NA,NA,NA,NA,NA,NA,NA,NA,NA,NA,NA,NA,G0458,F9217,228,,NA,NA,NA,NA,NA,NA,,NA,NA,NA,NA,NA,NA,NA,NA,NA,NA,NA,NA
136,NA,NA,71346,I,Subadult,T,297395,Initial Sighting,-18.0205,122.27505,WB20228,WB21575,9.00119E+14,NA,NA,25/06/2019,16:09,685,NA,NA,565,NA,NA,NA,NA,NA,NA,NA,NA,NA,NA,NA,NA,NA,NA,NA,NA,NA,NA,NA,NA,NA,F9132,G0488,NA,,NA,NA,NA,NA,NA,NA,,NA,NA,NA,NA,NA,NA,NA,NA,NA,NA,NA,NA
164,NA,NA,71358,M,Adult,T,297409,Initial Sighting,-18.03313,122.26623,WB20248,WB20249,9.00119E+14,NA,NA,26/06/2019,13:06,880,NA,71,676,1.041862322,24,42.5,10,NA,NA,NA,NA,NA,NA,NA,NA,NA,NA,NA,NA,NA,NA,NA,NA,NA,G0502,F8914,232,,NA,NA,NA,NA,NA,NA,,NA,NA,NA,NA,NA,NA,NA,NA,NA,NA,NA,NA
27,NA,NA,71359,F,Adult,T,297410,Initial Sighting,-18.03718,122.27028,WB20246,WB20247,9.00119E+14,NA,WK,26/06/2019,13:32,877,NA,82,718,1.215668245,NA,NA,NA,NA,NA,NA,NA,NA,NA,NA,NA,NA,NA,NA,NA,NA,NA,NA,NA,NA,G0469,F9404,233,,NA,NA,NA,NA,NA,NA,,NA,NA,NA,NA,NA,NA,NA,NA,NA,NA,NA,NA
163,NA,NA,71348,M,Adult,T,297397,Initial Sighting,-18.02712,122.32877,WB20231,WB20232,9.00119E+14,NA,NA,26/06/2019,14:33,833,NA,69,680,1.193751929,20,37,10,NA,NA,NA,NA,NA,NA,NA,NA,NA,NA,NA,NA,NA,NA,NA,NA,NA,G0551,F9033,234,,NA,NA,NA,NA,NA,NA,,NA,NA,NA,NA,NA,NA,NA,NA,NA,NA,NA,NA
28,NA,NA,71349,F,Adult,T,297398,Initial Sighting,-18.03545,122.2612,WB20233,WB20234,9.00119E+14,NA,WK,26/06/2019,15:20,920,NA,89,762,1.142948138,NA,NA,NA,NA,NA,NA,NA,NA,NA,NA,NA,NA,NA,NA,NA,NA,NA,NA,NA,NA,G0540,F8811,235,,NA,NA,NA,NA,NA,NA,,NA,NA,NA,NA,NA,NA,NA,NA,NA,NA,NA,NA
166,NA,NA,71350,M,Adult,T,297399,Initial Sighting,-18.0326,122.2524,WB20244,WB20245,9.00119E+14,NA,NA,27/06/2019,11:17,899,NA,83,698,1.135467932,23,43,8,NA,NA,NA,NA,NA,NA,NA,NA,NA,NA,NA,NA,NA,NA,NA,NA,NA,G0508,F9184,236,,NA,NA,NA,NA,NA,NA,,NA,NA,NA,NA,NA,NA,NA,NA,NA,NA,NA,NA
29,NA,NA,71351,F,Adult,T,297400,Initial Sighting,-18.0323,122.32877,WB20242,WB20243,9.00119E+14,NA,WK,27/06/2019,11:58,865,NA,72,722,1.11245941,NA,NA,NA,NA,NA,NA,NA,NA,NA,NA,NA,NA,NA,NA,NA,NA,NA,NA,NA,NA,G0509,F8989,237,,NA,NA,NA,NA,NA,NA,,NA,NA,NA,NA,NA,NA,NA,NA,NA,NA,NA,NA
30,NA,NA,71352,F,Adult,T,297401,Initial Sighting,-18.03217,122.25458,WB20240,WB20241,9.00119E+14,NA,WK,27/06/2019,12:30,866,NA,80,712,1.23178897,NA,NA,NA,NA,NA,NA,NA,NA,NA,NA,NA,NA,NA,NA,NA,NA,NA,NA,NA,NA,G0437,F9637,238,,NA,NA,NA,NA,NA,NA,,NA,NA,NA,NA,NA,NA,NA,NA,NA,NA,NA,NA
32,NA,NA,71353,F,Adult,T,297402,Initial Sighting,-18.03411,122.25397,WB20238,WB20239,9.00119E+14,NA,WK,27/06/2019,13:11,903,NA,90,751,1.222304072,NA,NA,NA,NA,NA,NA,NA,NA,NA,NA,NA,NA,NA,NA,NA,NA,NA,NA,NA,NA,G0473,F8930,239,,NA,NA,NA,NA,NA,NA,,NA,NA,NA,NA,NA,NA,NA,NA,NA,NA,NA,NA
31,NA,NA,71354,F,Adult,T,297403,Initial Sighting,-18.03347,122.25664,WB20235,NA,9.00119E+14,NA,WK,27/06/2019,13:35,893,NA,84,721,1.172551965,NA,NA,NA,NA,NA,NA,NA,NA,NA,NA,NA,NA,NA,NA,NA,NA,NA,NA,NA,NA,G0512,F9434,240,,NA,NA,NA,NA,NA,NA,,NA,NA,NA,NA,NA,NA,NA,NA,NA,NA,NA,NA
34,NA,NA,67903,F,Adult,T,297408,Resighting,-18.0323,122.25968,WB14876,WB20236,9.00119E+14,NA,TH,27/06/2019,14:12,910,NA,97,745,1.287204524,NA,NA,NA,NA,NA,NA,NA,NA,NA,NA,NA,NA,NA,NA,NA,NA,NA,NA,NA,NA,G0481,F9711,241,,NA,NA,NA,NA,NA,NA,,NA,NA,NA,NA,NA,NA,NA,NA,NA,NA,NA,NA
33,NA,NA,71355,F,Adult,T,297404,Initial Sighting,-18.02972,122.2707,WB20237,NA,9.00119E+14,NA,WK,27/06/2019,14:35,906,NA,95,780,1.277435592,NA,NA,NA,NA,NA,NA,NA,NA,NA,NA,NA,NA,NA,NA,NA,NA,NA,NA,NA,NA,G0430,F9525,242,,NA,NA,NA,NA,NA,NA,,NA,NA,NA,NA,NA,NA,NA,NA,NA,NA,NA,NA
165,NA,NA,71356,M,Adult,T,297405,Initial Sighting,-18.02494,122.27663,WB20250,NA,9.00119E+14,NA,NA,27/06/2019,15:21,817,NA,65,661,1.182751602,20,35,9,NA,NA,NA,NA,NA,NA,NA,NA,NA,NA,NA,NA,NA,NA,NA,NA,NA,G0475,F9612,243,,NA,NA,NA,NA,NA,NA,,NA,NA,NA,NA,NA,NA,NA,NA,NA,NA,NA,NA
35,NA,NA,71357,F,Adult,T,297406,Initial Sighting,-18.01491,122.2684,WB21609,WB21608,9.00119E+14,NA,WK,28/06/2019,13:30,899,NA,91,748,1.252455537,NA,NA,NA,NA,NA,NA,NA,NA,NA,NA,NA,NA,NA,NA,NA,NA,NA,NA,NA,NA,F9154missing,NA,244,,NA,NA,NA,NA,NA,NA,,NA,NA,NA,NA,NA,NA,NA,NA,NA,NA,NA,NA
37,NA,NA,57664,F,Adult,NA,297514,Resighting,-18.02661,122.24369,WB14887,WB14888,9.00006E+14,NA,MN,21/08/2019,15:32,891,NA,77,737,1.088573137,NA,NA,NA,NA,NA,NA,NA,NA,NA,NA,NA,NA,NA,NA,NA,NA,NA,NA,NA,NA,F8872,F9201,NA,,NA,NA,NA,NA,NA,NA,,NA,NA,NA,NA,NA,NA,NA,NA,NA,NA,NA,NA
36,NA,NA,68101,F,Adult,T,297515,Resighting,-18.03132,122.2484,WB14889,WB16211,9.00119E+14,NA,DA,21/08/2019,16:55,862,NA,81,745,1.256822893,NA,NA,NA,NA,NA,NA,NA,NA,NA,NA,NA,NA,NA,NA,NA,NA,NA,NA,NA,NA,F9232,F9674,NA,,NA,NA,NA,NA,NA,NA,,NA,NA,NA,NA,NA,NA,NA,NA,NA,NA,NA,NA
40,NA,NA,39469,F,Adult,R,297516,Resighting,-18.06181,122.21667,WB14891,WB14892,9.00006E+14,NA,MN,22/08/2019,13:10,905,NA,71,700,0.951137664,NA,NA,NA,NA,NA,NA,NA,NA,NA,NA,NA,NA,NA,NA,NA,NA,NA,NA,NA,NA,G0525,F9652,NA,,NA,NA,NA,NA,NA,NA,,NA,NA,NA,NA,NA,NA,NA,NA,NA,NA,NA,NA
38,NA,NA,71386,F,Adult,T,297510,Initial Sighting,-18.06251,122.22085,WB14893,WB14894,9.00119E+14,NA,WK,22/08/2019,14:44,840,NA,73,680,1.223207537,NA,NA,NA,NA,NA,NA,NA,NA,NA,NA,NA,NA,NA,NA,NA,NA,NA,NA,NA,NA,G0538,F8877,NA,,NA,NA,NA,NA,NA,NA,,NA,NA,NA,NA,NA,NA,NA,NA,NA,NA,NA,NA
39,NA,NA,57453,F,Adult,NA,297517,Resighting,-18.04745,122.1926,WB14895,WB14896,9.00006E+14,NA,BW,22/08/2019,15:50,892,NA,80,750,1.127185579,NA,NA,NA,NA,NA,NA,NA,NA,NA,NA,NA,NA,NA,NA,NA,NA,NA,NA,NA,NA,G0543,G0498,NA,,NA,NA,NA,NA,NA,NA,,NA,NA,NA,NA,NA,NA,NA,NA,NA,NA,NA,NA
42,NA,NA,71387,F,Adult,T,297511,Initial Sighting,-18.0366,122.2636,WB14897,WB14898,9.00119E+14,NA,WK,23/08/2019,11:15,893,NA,83,730,1.165530696,NA,NA,NA,NA,NA,NA,NA,NA,NA,NA,NA,NA,NA,NA,NA,NA,NA,NA,NA,NA,F9727,F9639,NA,,NA,NA,NA,NA,NA,NA,,NA,NA,NA,NA,NA,NA,NA,NA,NA,NA,NA,NA
41,NA,NA,71388,F,Adult,T,297512,Initial Sighting,-18.03455,122.26459,WB14899,WB14900,9.00119E+14,NA,WK,23/08/2019,15:15,863,NA,68,692,1.057977729,NA,NA,NA,NA,NA,NA,NA,NA,NA,NA,NA,NA,NA,NA,NA,NA,NA,NA,NA,NA,G0517,F9098,NA,,NA,NA,NA,NA,NA,NA,,NA,NA,NA,NA,NA,NA,NA,NA,NA,NA,NA,NA
167,NA,NA,71389,M,Adult,T,297513,Initial Sighting,-18.03336,122.25889,WB21610,WB21611,9.00119E+14,NA,NA,23/08/2019,16:18,823,NA,60,650,1.076345612,NA,NA,NA,NA,NA,NA,NA,NA,NA,NA,NA,NA,NA,NA,NA,NA,NA,NA,NA,NA,G0489,F8991,NA,,NA,NA,NA,NA,NA,NA,,NA,NA,NA,NA,NA,NA,NA,NA,NA,NA,NA,NA
137,NA,NA,72200,I,Subadult,T,300775,Initial Sighting,-18.07202,122.23,WB20001,NA,9.00119E+14,9.00119E+14,NA,17/02/2020,12:24,719,NA,NA,629,NA,NA,NA,NA,NA,NA,NA,NA,NA,NA,NA,NA,NA,NA,NA,NA,NA,NA,NA,NA,NA,F9655,F6600,NA,,NA,NA,NA,NA,NA,NA,,NA,NA,NA,NA,NA,NA,NA,NA,NA,NA,NA,NA
43,NA,NA,72201,F,Adult,T,300776,Initial Sighting,-18.08685,122.25106,WB20002,NA,9.00119E+14,9.00119E+14,WK,17/02/2020,13:23,NA,NA,NA,703,NA,NA,NA,NA,NA,NA,NA,NA,NA,NA,NA,NA,NA,NA,NA,NA,NA,NA,NA,NA,NA,F9267,F8723,246,,NA,NA,NA,NA,NA,NA,,NA,NA,NA,NA,NA,NA,NA,NA,NA,NA,NA,NA
138,NA,NA,72202,I,Subadult,T,300777,Initial Sighting,-18.06707,122.2031,WB20003,NA,9.00119E+14,9.00119E+14,NA,18/02/2020,09:03,725,NA,NA,660,NA,0,11,3,NA,NA,NA,NA,NA,NA,NA,NA,NA,NA,NA,NA,NA,NA,NA,NA,NA,NA,NA,NA,,NA,NA,NA,NA,NA,NA,,NA,NA,NA,NA,NA,NA,NA,NA,NA,NA,NA,NA
139,NA,NA,72203,I,Post-hatchling,T,300778,Initial Sighting,-18.03202,122.3354,NA,NA,NA,NA,NA,18/02/2020,12:15,97,NA,NA,90,NA,NA,NA,NA,NA,NA,NA,NA,NA,NA,NA,NA,NA,NA,NA,NA,NA,NA,NA,NA,NA,NA,NA,NA,,NA,NA,NA,NA,NA,NA,,NA,NA,NA,NA,NA,NA,NA,NA,NA,NA,NA,NA
44,NA,NA,72145,F,Adult,T,300790,Resighting,-18.05295,122.19972,WB20021,NA,9.00119E+14,9.00006E+14,EM,19/02/2020,10:22,860,NA,68,720,1.065943879,NA,NA,NA,NA,NA,NA,NA,NA,NA,NA,NA,NA,NA,NA,NA,NA,NA,NA,NA,NA,F9281,F8637,248,,NA,NA,NA,NA,NA,NA,,NA,NA,NA,NA,NA,NA,NA,NA,NA,NA,NA,NA
46,NA,NA,72215,F,Adult,T,300793,Initial Sighting,-18.05269,122.18907,WB20004,NA,9.00119E+14,9.00119E+14,WK,19/02/2020,11:12,858,NA,NA,690,NA,NA,NA,NA,NA,NA,NA,NA,NA,NA,NA,NA,NA,NA,NA,NA,NA,NA,NA,NA,NA,G0567,G3562,249,,NA,NA,NA,NA,NA,NA,,NA,NA,NA,NA,NA,NA,NA,NA,NA,NA,NA,NA
45,NA,NA,72204,M,Adult,T,300779,Initial Sighting,-18.05111,122.18913,WB20005,NA,9.00119E+14,9.00119E+14,WK,19/02/2020,12:04,849,NA,NA,692,NA,24,40,10,NA,NA,NA,NA,NA,NA,NA,NA,NA,NA,NA,NA,NA,NA,NA,NA,NA,F9089,F8598,250,,NA,NA,NA,NA,NA,NA,,NA,NA,NA,NA,NA,NA,NA,NA,NA,NA,NA,NA
47,NA,NA,57436,F,Adult,NA,300791,Resighting,-18.05165,122.18986,NA,NA,9.00119E+14,9.00006E+14,BW,20/02/2020,08:56,903,NA,78,730,1.052539617,NA,NA,NA,NA,NA,NA,NA,NA,NA,NA,NA,NA,NA,NA,NA,NA,NA,NA,NA,NA,F9110,F8537,251,,NA,NA,NA,NA,NA,NA,,NA,NA,NA,NA,NA,NA,NA,NA,NA,NA,NA,NA
49,NA,NA,72205,F,Adult,T,300780,Initial Sighting,-18.05938,122.18623,WB20006,NA,9.00119E+14,9.00119E+14,WK,20/02/2020,09:54,840,NA,75,707,1.265387107,NA,NA,NA,NA,NA,NA,NA,NA,NA,NA,NA,NA,NA,NA,NA,NA,NA,NA,NA,NA,F9410,F8505,252,,NA,NA,NA,NA,NA,NA,,NA,NA,NA,NA,NA,NA,NA,NA,NA,NA,NA,NA
168,NA,NA,72206,M,Adult,T,300781,Initial Sighting,-18.08367,122.17414,WB20007,NA,9.00119E+14,9.00119E+14,NA,20/02/2020,10:57,866,NA,77,707,1.185596884,25,38,10,NA,NA,NA,NA,NA,NA,NA,NA,NA,NA,NA,NA,NA,NA,NA,NA,NA,F9695,F8541,253,,NA,NA,NA,NA,NA,NA,,NA,NA,NA,NA,NA,NA,NA,NA,NA,NA,NA,NA
140,NA,NA,72207,I,Juvenile,T,300782,Initial Sighting,-18.11797,122.15987,NA,NA,NA,NA,NA,20/02/2020,12:47,203,NA,NA,182,NA,NA,NA,NA,NA,NA,NA,NA,NA,NA,NA,NA,NA,NA,NA,NA,NA,NA,NA,NA,NA,NA,NA,NA,,NA,NA,NA,NA,NA,NA,,NA,NA,NA,NA,NA,NA,NA,NA,NA,NA,NA,NA
48,NA,NA,68013,F,Adult,T,300792,Resighting,-18.06444,122.18332,NA,NA,9.00119E+14,9.00119E+14,DA,20/02/2020,15:45,912,NA,81,745,1.065848576,NA,NA,NA,NA,NA,NA,NA,NA,NA,NA,NA,NA,NA,NA,NA,NA,NA,NA,NA,NA,F8938,F8230,254,,NA,NA,NA,NA,NA,NA,,NA,NA,NA,NA,NA,NA,NA,NA,NA,NA,NA,NA
169,NA,NA,72208,M,Adult,T,300783,Initial Sighting,-18.05145,122.18835,WB20008,NA,9.00119E+14,9.00119E+14,NA,21/02/2020,10:59,844,NA,66,692,1.097783239,25.5,40.5,10,NA,NA,NA,NA,NA,NA,NA,NA,NA,NA,NA,NA,NA,NA,NA,NA,NA,F9227,F8720,NA,,NA,NA,NA,NA,NA,NA,,NA,NA,NA,NA,NA,NA,NA,NA,NA,NA,NA,NA
50,NA,NA,72209,F,Adult,T,300784,Initial Sighting,-18.05357,122.1888,WB20009,NA,9.00119E+14,9.00119E+14,WK,21/02/2020,11:35,989,NA,97,772,1.002727347,NA,NA,NA,NA,NA,NA,NA,NA,NA,NA,NA,NA,NA,NA,NA,NA,NA,NA,NA,NA,F8958,F8813,NA,,NA,NA,NA,NA,NA,NA,,NA,NA,NA,NA,NA,NA,NA,NA,NA,NA,NA,NA
51,NA,NA,72210,F,Adult,T,300785,Initial Sighting,-18.05239,122.18938,WB20010,NA,9.00119E+14,9.00119E+14,WK,21/02/2020,12:06,871,NA,75,710,1.135028583,NA,NA,NA,NA,NA,NA,NA,NA,NA,NA,NA,NA,NA,NA,NA,NA,NA,NA,NA,NA,F9287,F8619,NA,,NA,NA,NA,NA,NA,NA,,NA,NA,NA,NA,NA,NA,NA,NA,NA,NA,NA,NA
170,NA,NA,72211,M,Adult,T,300786,Initial Sighting,-18.05211,122.18966,WB20012,NA,9.00119E+14,9.00119E+14,NA,21/02/2020,12:50,888,NA,82,737,1.171048697,21,39,9,NA,NA,NA,NA,NA,NA,NA,NA,NA,NA,NA,NA,NA,NA,NA,NA,NA,G0519,F8395,NA,,NA,NA,NA,NA,NA,NA,,NA,NA,NA,NA,NA,NA,NA,NA,NA,NA,NA,NA
171,NA,NA,72212,M,Adult,T,300787,Initial Sighting,-18.05119,122.18971,WB20013,NA,9.00119E+14,9.00119E+14,NA,21/02/2020,13:20,877,NA,65,684,0.963639462,16.5,34,7,NA,NA,NA,NA,NA,NA,NA,NA,NA,NA,NA,NA,NA,NA,NA,NA,NA,F8918,F8357,NA,,NA,NA,NA,NA,NA,NA,,NA,NA,NA,NA,NA,NA,NA,NA,NA,NA,NA,NA
172,NA,NA,72213,M,Adult,T,300788,Initial Sighting,-18.05197,122.19107,WB20014,NA,9.00119E+14,9.00119E+14,NA,21/02/2020,13:48,882,NA,74,699,1.07851444,22,39.5,7,NA,NA,NA,NA,NA,NA,NA,NA,NA,NA,NA,NA,NA,NA,NA,NA,NA,F8849,F6573,NA,,NA,NA,NA,NA,NA,NA,,NA,NA,NA,NA,NA,NA,NA,NA,NA,NA,NA,NA
52,NA,NA,72214,F,Adult,T,300789,Initial Sighting,-18.05176,122.18937,WB20015,NA,9.00119E+14,9.00119E+14,WK,21/02/2020,14:10,919,NA,93,765,1.198219586,NA,NA,NA,NA,NA,NA,NA,NA,NA,NA,NA,NA,NA,NA,NA,NA,NA,NA,NA,NA,F9244,F8386,NA,,NA,NA,NA,NA,NA,NA,,NA,NA,NA,NA,NA,NA,NA,NA,NA,NA,NA,NA
173,NA,NA,69599,M,Adult,T,307434,Resighting,-18.02746,122.3122,WB15054,WB14822,NA,NA,NA,18/04/2020,13:30,920,NA,95,725,1.213579765,NA,NA,NA,NA,NA,NA,NA,NA,NA,NA,NA,NA,NA,NA,NA,NA,NA,NA,NA,NA,F8555,F7836,191,,NA,NA,NA,NA,NA,NA,,NA,NA,NA,NA,NA,NA,NA,NA,NA,NA,NA,NA
58,NA,NA,72733,F,Adult,T,307567,Initial Sighting,-18.05519,122.19179,WB20048,NA,9.00119E+14,9.00119E+14,WK,11/08/2020,11:23,943,NA,90,782,1.073266147,NA,NA,NA,NA,NA,NA,NA,NA,NA,NA,NA,NA,NA,NA,NA,NA,NA,NA,NA,NA,F9335,NA,255,,NA,NA,NA,NA,NA,NA,,NA,NA,NA,NA,NA,NA,NA,NA,NA,NA,NA,NA
59,NA,NA,72734,F,Adult,T,307568,Initial Sighting,-18.00519,122.19179,WB20049,NA,9.00119E+14,9.00119E+14,NA,11/08/2020,11:47,973,NA,74,670,0.803328544,NA,NA,NA,NA,NA,NA,NA,NA,NA,NA,NA,NA,NA,NA,NA,NA,NA,NA,NA,NA,F9316,NA,256,,NA,NA,NA,NA,NA,NA,,NA,NA,NA,NA,NA,NA,NA,NA,NA,NA,NA,NA
55,NA,NA,39697,F,Adult,R,307587,Resighting,-18.05519,122.19179,WB18054,NA,9.00119E+14,9.00006E+14,MN,11/08/2020,12:47,898,NA,85,744,1.173788677,NA,NA,NA,NA,NA,NA,NA,NA,NA,NA,NA,NA,NA,NA,NA,NA,NA,NA,NA,NA,F8770,NA,257,,NA,NA,NA,NA,NA,NA,,NA,NA,NA,NA,NA,NA,NA,NA,NA,NA,NA,NA
56,NA,NA,35242,F,Adult,T,307588,Resighting,-18.05519,122.19179,WB19162,NA,9.00119E+14,9.00006E+14,BW,11/08/2020,13:37,926,NA,85,773,1.07049826,NA,NA,NA,NA,NA,NA,NA,NA,NA,NA,NA,NA,NA,NA,NA,NA,NA,NA,NA,NA,F8834,NA,258,,NA,NA,NA,NA,NA,NA,,NA,NA,NA,NA,NA,NA,NA,NA,NA,NA,NA,NA
57,NA,NA,72735,F,Adult,T,307569,Initial Sighting,-18.05519,122.19179,WB20050,NA,9.00119E+14,9.00119E+14,WK,11/08/2020,13:58,938,NA,75,751,0.908767419,NA,NA,NA,NA,NA,NA,NA,NA,NA,NA,NA,NA,NA,NA,NA,NA,NA,NA,NA,NA,F9170,NA,259,,NA,NA,NA,NA,NA,NA,,NA,NA,NA,NA,NA,NA,NA,NA,NA,NA,NA,NA
53,NA,NA,69575,F,Adult,T,307589,Resighting,-18.05519,122.19179,WB14725,WB14860,9.00119E+14,9.00119E+14,WK,11/08/2020,14:31,857,NA,75,685,1.191567907,NA,NA,NA,NA,NA,NA,NA,NA,NA,NA,NA,NA,NA,NA,NA,NA,NA,NA,NA,NA,F9148,NA,260,,NA,NA,NA,NA,NA,NA,,NA,NA,NA,NA,NA,NA,NA,NA,NA,NA,NA,NA
174,NA,NA,72736,M,Adult,T,307570,Initial Sighting,-18.05075,122.1819,WB20124,NA,9.00119E+14,9.00119E+14,NA,11/08/2020,15:53,851,NA,75,709,1.216949574,NA,NA,NA,NA,NA,NA,NA,NA,NA,NA,NA,NA,NA,NA,NA,NA,NA,NA,NA,NA,F8904,NA,262,,NA,NA,NA,NA,NA,NA,,NA,NA,NA,NA,NA,NA,NA,NA,NA,NA,NA,NA
54,NA,NA,39400,F,Adult,R,307590,Resighting,-18.05075,122.1819,NA,NA,9.00119E+14,9.00006E+14,MN,11/08/2020,15:54,866,NA,76,718,1.170199522,NA,NA,NA,NA,NA,NA,NA,NA,NA,NA,NA,NA,NA,NA,NA,NA,NA,NA,NA,NA,G0518,NA,261,,NA,NA,NA,NA,NA,NA,,NA,NA,NA,NA,NA,NA,NA,NA,NA,NA,NA,NA
61,NA,NA,72737,F,Adult,T,307571,Initial Sighting,-18.05205,122.18887,WB20125,NA,9.00119E+14,9.00119E+14,NA,12/08/2020,10:26,921,NA,86,729,1.100828236,NA,NA,NA,NA,NA,NA,NA,NA,NA,NA,NA,NA,NA,NA,NA,NA,NA,NA,NA,NA,G0505,NA,NA,,NA,NA,NA,NA,NA,NA,,NA,NA,NA,NA,NA,NA,NA,NA,NA,NA,NA,NA
60,NA,NA,72738,F,Adult,T,307572,Initial Sighting,-18.03312,122.26015,WB21400,NA,9.00119E+14,9.00119E+14,NA,12/08/2020,13:58,871,NA,70,699,1.059360011,NA,NA,NA,NA,NA,NA,NA,NA,NA,NA,NA,NA,NA,NA,NA,NA,NA,NA,NA,NA,F9030,NA,NA,,NA,NA,NA,NA,NA,NA,,NA,NA,NA,NA,NA,NA,NA,NA,NA,NA,NA,NA
65,NA,NA,72739,F,Adult,T,307573,Initial Sighting,-18.07925,122.15617,WB19299,NA,9.00119E+14,9.00119E+14,NA,13/08/2020,11:05,873,NA,80,756,1.202395261,NA,NA,NA,NA,NA,NA,NA,NA,NA,NA,NA,NA,NA,NA,NA,NA,NA,NA,NA,NA,F9046,NA,NA,,NA,NA,NA,NA,NA,NA,,NA,NA,NA,NA,NA,NA,NA,NA,NA,NA,NA,NA
66,NA,NA,67896,F,Adult,T,307591,Resighting,-18.07909,122.16862,WB24265,WB24266,9.00119E+14,9.00119E+14,NA,13/08/2020,11:57,892,NA,85,742,1.197634678,NA,NA,NA,NA,NA,NA,NA,NA,NA,NA,NA,NA,NA,NA,NA,NA,NA,NA,NA,NA,F9220,NA,NA,,NA,NA,NA,NA,NA,NA,,NA,NA,NA,NA,NA,NA,NA,NA,NA,NA,NA,NA
238,NA,NA,NA,F,Adult,T,NA,Resighting,-18.07909,122.16862,WB24265,WB24266,9.00119E+14,9.00119E+14,NA,13/08/2020,11:57,892,NA,85,745,1.197634678,NA,NA,NA,NA,NA,NA,NA,NA,NA,NA,NA,NA,NA,NA,NA,NA,NA,NA,NA,NA,NA,NA,NA,,NA,NA,NA,NA,NA,NA,,NA,NA,NA,NA,NA,NA,NA,NA,NA,8.3,22.8,Minor damage to left rear carapace
176,NA,NA,72740,M,Adult,T,307574,Initial Sighting,-18.0793,122.1758,WB20391,NA,9.00119E+14,9.00119E+14,NA,13/08/2020,13:30,849,NA,62,644,1.013138032,15,31,NA,NA,NA,NA,NA,NA,NA,NA,NA,NA,NA,NA,NA,NA,NA,NA,NA,NA,F8824,NA,NA,,NA,NA,NA,NA,NA,NA,,NA,NA,NA,NA,NA,NA,NA,NA,NA,NA,NA,NA
62,NA,NA,72741,F,Adult,T,307575,Initial Sighting,-18.05263,122.19224,WB20392,NA,9.00119E+14,9.00119E+14,NA,13/08/2020,14:09,843,NA,NA,718,#VALUE!,NA,NA,NA,NA,NA,NA,NA,NA,NA,NA,NA,NA,NA,NA,NA,NA,NA,NA,NA,NA,F9506,NA,NA,,NA,NA,NA,NA,NA,NA,,NA,NA,NA,NA,NA,NA,NA,NA,NA,NA,NA,NA
175,NA,NA,72742,M,Adult,T,307576,Initial Sighting,-18.05168,122.19193,WB20393,NA,9.00119E+14,9.00119E+14,NA,13/08/2020,14:20,841,NA,65,682,1.092761459,20.8,25.5,6.4,NA,NA,NA,NA,NA,NA,NA,NA,NA,NA,NA,NA,NA,NA,NA,NA,NA,F8814,NA,NA,,NA,NA,NA,NA,NA,NA,,NA,NA,NA,NA,NA,NA,NA,NA,NA,NA,NA,NA
64,NA,NA,72743,F,Adult,T,307577,Initial Sighting,-18.05131,122.19204,WB20394,NA,9.00119E+14,9.00119E+14,NA,13/08/2020,15:30,872,NA,77,717,1.161291562,NA,NA,NA,NA,NA,NA,NA,NA,NA,NA,NA,NA,NA,NA,NA,NA,NA,NA,NA,NA,G0510,NA,NA,,NA,NA,NA,NA,NA,NA,,NA,NA,NA,NA,NA,NA,NA,NA,NA,NA,NA,NA
63,NA,NA,72744,F,Adult,T,307578,Initial Sighting,-18.05135,122.18885,WB21226,NA,9.00119E+14,9.00119E+14,NA,13/08/2020,16:07,856,NA,75,695,1.195748843,NA,NA,NA,NA,NA,NA,NA,NA,NA,NA,NA,NA,NA,NA,NA,NA,NA,NA,NA,NA,G0544,NA,NA,,NA,NA,NA,NA,NA,NA,,NA,NA,NA,NA,NA,NA,NA,NA,NA,NA,NA,NA
179,NA,NA,72745,M,Adult,T,307579,Initial Sighting,-18.05087,122.18842,WB20016,NA,9.00119E+14,9.00119E+14,NA,14/08/2020,11:36,864,NA,67,699,1.038803909,23,38,10,NA,NA,NA,NA,NA,NA,NA,NA,NA,NA,NA,NA,NA,NA,NA,NA,NA,G5225,NA,NA,,NA,NA,NA,NA,NA,NA,,NA,NA,NA,NA,NA,NA,NA,NA,NA,NA,NA,NA
178,NA,NA,72746,M,Adult,T,307580,Initial Sighting,-18.05121,122.18901,WB20017,NA,9.00119E+14,9.00119E+14,NA,14/08/2020,12:40,855,NA,72,678,1.151951388,NA,NA,NA,NA,NA,NA,NA,NA,NA,NA,NA,NA,NA,NA,NA,NA,NA,NA,NA,NA,G4990,NA,NA,,NA,NA,NA,NA,NA,NA,,NA,NA,NA,NA,NA,NA,NA,NA,NA,NA,NA,NA
177,NA,NA,72747,M,Adult,T,307581,Initial Sighting,-18.04967,122.18825,WB20018,NA,9.00119E+14,9.00119E+14,NA,14/08/2020,13:30,805,NA,62,664,1.188513306,23,35.6,9.5,NA,NA,NA,NA,NA,NA,NA,NA,NA,NA,NA,NA,NA,NA,NA,NA,NA,G4995,NA,NA,,NA,NA,NA,NA,NA,NA,,NA,NA,NA,NA,NA,NA,NA,NA,NA,NA,NA,NA
69,NA,NA,72748,F,Adult,T,307582,Initial Sighting,-18.05021,122.18823,WB20019,NA,9.00119E+14,9.00119E+14,NA,14/08/2020,13:54,902,NA,86,714,1.171868387,NA,NA,NA,NA,NA,NA,NA,NA,NA,NA,NA,NA,NA,NA,NA,NA,NA,NA,NA,NA,G5165,NA,NA,,NA,NA,NA,NA,NA,NA,,NA,NA,NA,NA,NA,NA,NA,NA,NA,NA,NA,NA
67,NA,NA,72749,F,Adult,T,307583,Initial Sighting,-18.05229,122.19019,WB20020,NA,9.00119E+14,9.00119E+14,NA,14/08/2020,14:23,854,NA,74,704,1.188113984,NA,NA,NA,NA,NA,NA,NA,NA,NA,NA,NA,NA,NA,NA,NA,NA,NA,NA,NA,NA,G5167,NA,NA,,NA,NA,NA,NA,NA,NA,,NA,NA,NA,NA,NA,NA,NA,NA,NA,NA,NA,NA
68,NA,NA,72750,F,Adult,T,307584,Initial Sighting,-18.05398,122.19069,WB21613,NA,9.00119E+14,9.00119E+14,NA,14/08/2020,14:48,873,NA,79,718,1.18736532,NA,NA,NA,NA,NA,NA,NA,NA,NA,NA,NA,NA,NA,NA,NA,NA,NA,NA,NA,NA,F9174,NA,NA,,NA,NA,NA,NA,NA,NA,,NA,NA,NA,NA,NA,NA,NA,NA,NA,NA,NA,NA
180,NA,NA,72751,M,Adult,T,307585,Initial Sighting,-18.05174,122.18884,WB21614,NA,9.00119E+14,9.00119E+14,NA,18/08/2020,11:44,889,NA,75,704,1.067470742,25,40.5,9,NA,NA,NA,NA,NA,NA,NA,NA,NA,NA,NA,NA,NA,NA,NA,NA,NA,G5271,NA,NA,,NA,NA,NA,NA,NA,NA,,NA,NA,NA,NA,NA,NA,NA,NA,NA,NA,NA,NA
70,NA,NA,70369,F,Adult,T,307592,Resighting,-18.05235,122.18676,WB21352,WB21354,9.00119E+14,NA,NA,18/08/2020,12:36,846,NA,70,703,1.156077505,NA,NA,NA,NA,NA,NA,NA,NA,NA,NA,NA,NA,NA,NA,NA,NA,NA,NA,NA,NA,G5202,NA,NA,,NA,NA,NA,NA,NA,NA,,NA,NA,NA,NA,NA,NA,NA,NA,NA,NA,NA,NA
71,NA,NA,72752,F,Adult,T,307586,Initial Sighting,-18.05108,122.18744,WB21615,NA,9.00119E+14,9.00119E+14,NA,18/08/2020,13:12,902,NA,91,753,1.24000027,NA,NA,NA,NA,NA,NA,NA,NA,NA,NA,NA,NA,NA,NA,NA,NA,NA,NA,NA,NA,G5154,NA,NA,,NA,NA,NA,NA,NA,NA,,NA,NA,NA,NA,NA,NA,NA,NA,NA,NA,NA,NA
182,NA,NA,73659,M,Adult,T,314524,Initial Sighting,-18.07964,122.30533,WB26308,NA,NA,NA,NA,04/05/2021,12:54,835,NA,65,650,1.116487667,21.8,36.5,10.9,NA,NA,NA,NA,NA,NA,NA,NA,NA,NA,NA,NA,NA,NA,NA,NA,NA,T06256,NA,NA,,NA,NA,NA,NA,NA,NA,,NA,NA,NA,NA,NA,NA,NA,NA,NA,NA,NA,NA
181,NA,NA,73650,M,Adult,T,314513,Initial Sighting,-18.07778,122.30465,WB26309,NA,9.00119E+14,9.00119E+14,NA,04/05/2021,14:57,879,NA,65,709,0.957076673,22,35,7.4,NA,NA,NA,NA,NA,NA,NA,NA,NA,NA,NA,NA,NA,NA,NA,NA,NA,T06331,NA,NA,,NA,NA,NA,NA,NA,NA,,NA,NA,NA,NA,NA,NA,NA,NA,NA,NA,NA,NA
72,NA,NA,71351,F,Adult,T,314522,Resighting,-18.07746,122.30962,WB20242,WB26310,9.00119E+14,9.00119E+14,NA,05/05/2021,14:10,860,NA,65,710,1.021922598,NA,NA,NA,NA,NA,NA,NA,NA,NA,NA,NA,NA,NA,NA,NA,NA,NA,NA,NA,NA,T06310,NA,NA,,NA,NA,NA,NA,NA,NA,,NA,NA,NA,NA,NA,NA,NA,NA,NA,NA,NA,NA
73,NA,NA,73657,F,Adult,T,314520,Initial Sighting,-18.08015,122.28549,WB26312,NA,9.00119E+14,9.00119E+14,NA,07/05/2021,11:20,880,NA,72,710,1.056536439,NA,NA,NA,NA,NA,NA,NA,NA,NA,NA,NA,NA,NA,NA,NA,NA,NA,NA,NA,NA,T06354,NA,NA,,NA,NA,NA,NA,NA,NA,,NA,NA,NA,NA,NA,NA,NA,NA,NA,NA,NA,NA
183,NA,NA,73658,M,Adult,T,314521,Initial Sighting,-18.07843,122.27809,WB26313,NA,9.00119E+14,9.00119E+14,NA,07/05/2021,13:07,865,NA,67,750,1.035205284,17.5,38,10,NA,NA,NA,NA,NA,NA,NA,NA,NA,NA,NA,NA,NA,NA,NA,NA,NA,T06336,NA,NA,,NA,NA,NA,NA,NA,NA,,NA,NA,NA,NA,NA,NA,NA,NA,NA,NA,NA,NA
184,NA,NA,73670,M,Adult,T,314554,Initial Sighting,-18.0799,122.28318,WB26314,NA,9.00119E+14,9.00119E+14,NA,07/05/2021,14:49,870,NA,85,720,1.290806572,25,40,9,NA,NA,NA,NA,NA,NA,NA,NA,NA,NA,NA,NA,NA,NA,NA,NA,NA,T06305,NA,NA,,NA,NA,NA,NA,NA,NA,,NA,NA,NA,NA,NA,NA,NA,NA,NA,NA,NA,NA
141,NA,NA,73735,F,Adult,T,314670,Initial Sighting,NA,NA,WB24582,WB24595,NA,NA,NA,21/06/2021,14:20,920,NA,NA,710,NA,NA,NA,NA,NA,NA,NA,NA,NA,NA,NA,NA,NA,NA,NA,NA,NA,NA,NA,NA,NA,NA,NA,NA,,NA,NA,NA,NA,NA,NA,,NA,NA,NA,NA,NA,NA,NA,NA,NA,NA,NA,NA
78,NA,NA,33107,F,Adult,T,314644,Resighting,-18.0931,122.19748,WB 3942,NA,9.00119E+14,9.00006E+14,NA,23/08/2021,11:30,900,NA,NA,NA,NA,NA,NA,NA,NA,NA,NA,NA,NA,NA,NA,NA,NA,NA,NA,NA,NA,NA,NA,NA,NA,G3767,NA,NA,,NA,NA,NA,NA,NA,NA,,NA,NA,NA,NA,NA,NA,NA,NA,NA,NA,NA,NA
80,NA,NA,73703,F,Adult,T,314627,Initial Sighting,-18.0931,122.19748,WB24274,NA,9.00119E+14,9.00119E+14,NA,23/08/2021,11:55,881,NA,NA,NA,NA,NA,NA,NA,NA,NA,NA,NA,NA,NA,NA,NA,NA,NA,NA,NA,NA,NA,NA,NA,NA,G06447,NA,NA,,NA,NA,NA,NA,NA,NA,,NA,NA,NA,NA,NA,NA,NA,NA,NA,NA,NA,NA
77,NA,NA,73704,F,Adult,T,314628,Initial Sighting,-18.05633,122.19331,WB24275,NA,9.00119E+14,9.00119E+14,NA,23/08/2021,12:30,885,NA,NA,NA,NA,NA,NA,NA,NA,NA,NA,NA,NA,NA,NA,NA,NA,NA,NA,NA,NA,NA,NA,NA,NA,G3765,NA,NA,,NA,NA,NA,NA,NA,NA,,NA,NA,NA,NA,NA,NA,NA,NA,NA,NA,NA,NA
74,NA,NA,73705,F,Adult,T,314629,Initial Sighting,-18.05633,122.19331,WB24286,NA,9.00119E+14,9.00119E+14,NA,23/08/2021,13:00,851,NA,NA,NA,NA,NA,NA,NA,NA,NA,NA,NA,NA,NA,NA,NA,NA,NA,NA,NA,NA,NA,NA,NA,NA,T06481,NA,NA,,NA,NA,NA,NA,NA,NA,,NA,NA,NA,NA,NA,NA,NA,NA,NA,NA,NA,NA
75,NA,NA,71351,F,Adult,T,314645,Resighting,-18.05633,122.19331,WB26310,WB20243,9.00119E+14,9.00119E+14,NA,23/08/2021,13:05,859,NA,NA,NA,NA,NA,NA,NA,NA,NA,NA,NA,NA,NA,NA,NA,NA,NA,NA,NA,NA,NA,NA,NA,NA,G3771,NA,NA,,NA,NA,NA,NA,NA,NA,,NA,NA,NA,NA,NA,NA,NA,NA,NA,NA,NA,NA
79,NA,NA,69582,F,Adult,T,314646,Resighting,-18.05263,122.1901,WB14834,NA,9.00119E+14,9.00119E+14,NA,23/08/2021,13:40,920,NA,NA,NA,NA,NA,NA,NA,NA,NA,NA,NA,NA,NA,NA,NA,NA,NA,NA,NA,NA,NA,NA,NA,NA,T06567,NA,NA,,NA,NA,NA,NA,NA,NA,,NA,NA,NA,NA,NA,NA,NA,NA,NA,NA,NA,NA
76,NA,NA,70885,F,Adult,T,314647,Resighting,-18.02855,122.26138,WB24294,NA,9.00119E+14,9.00119E+14,NA,23/08/2021,14:40,885,NA,NA,NA,NA,NA,NA,NA,NA,NA,NA,NA,NA,NA,NA,NA,NA,NA,NA,NA,NA,NA,NA,NA,NA,T06458,NA,NA,,NA,NA,NA,NA,NA,NA,,NA,NA,NA,NA,NA,NA,NA,NA,NA,NA,NA,NA
185,NA,NA,73702,M,Adult,T,314626,Initial Sighting,-18.0286,122.25632,WB24295,NA,9.00119E+14,9.00119E+14,NA,23/08/2021,15:00,885,NA,NA,NA,NA,25.5,NA,NA,NA,NA,NA,NA,NA,NA,NA,NA,NA,NA,NA,NA,NA,NA,NA,NA,NA,T06482,NA,NA,,NA,NA,NA,NA,NA,NA,,NA,NA,NA,NA,NA,NA,NA,NA,NA,NA,NA,NA
82,NA,NA,73706,F,Adult,T,314630,Initial Sighting,-18.07946,122.30823,WB24296,NA,9.00119E+14,NA,NA,24/08/2021,13:00,875,NA,NA,NA,NA,NA,NA,NA,NA,NA,NA,NA,NA,NA,NA,NA,NA,NA,NA,NA,NA,NA,NA,NA,NA,T06426,NA,NA,,NA,NA,NA,NA,NA,NA,,NA,NA,NA,NA,NA,NA,NA,NA,NA,NA,NA,NA
81,NA,NA,73707,F,Adult,T,314631,Initial Sighting,-18.09841,122.2358,WB24297,NA,9.00119E+14,NA,NA,24/08/2021,14:10,865,NA,NA,NA,NA,NA,NA,NA,NA,NA,NA,NA,NA,NA,NA,NA,NA,NA,NA,NA,NA,NA,NA,NA,NA,T06572,NA,NA,,NA,NA,NA,NA,NA,NA,,NA,NA,NA,NA,NA,NA,NA,NA,NA,NA,NA,NA
83,NA,NA,73708,F,Adult,T,314632,Initial Sighting,-18.07575,122.19205,WB24298,NA,9.00119E+14,NA,NA,24/08/2021,14:40,890,NA,NA,NA,NA,NA,NA,NA,NA,NA,NA,NA,NA,NA,NA,NA,NA,NA,NA,NA,NA,NA,NA,NA,NA,T06430,NA,NA,,NA,NA,NA,NA,NA,NA,,NA,NA,NA,NA,NA,NA,NA,NA,NA,NA,NA,NA
85,NA,NA,39527,F,Adult,R,314648,Resighting,-18.09511,122.32724,WB28788,NA,9.00119E+14,9.00006E+14,NA,25/08/2021,10:45,833,NA,NA,NA,NA,NA,NA,NA,NA,NA,NA,NA,NA,NA,NA,NA,NA,NA,NA,NA,NA,NA,NA,NA,NA,T06473,NA,NA,,NA,NA,NA,NA,NA,NA,,NA,NA,NA,NA,NA,NA,NA,NA,NA,NA,NA,NA
84,NA,NA,73709,F,Adult,T,314633,Initial Sighting,-18.03061,122.27261,WB24299,NA,9.00119E+14,NA,NA,25/08/2021,13:15,800,NA,NA,NA,NA,NA,NA,NA,NA,NA,NA,NA,NA,NA,NA,NA,NA,NA,NA,NA,NA,NA,NA,NA,NA,T06514,NA,NA,,NA,NA,NA,NA,NA,NA,,NA,NA,NA,NA,NA,NA,NA,NA,NA,NA,NA,NA
86,NA,NA,73710,F,Adult,T,314634,Initial Sighting,-18.03555,122.25014,WB24379,NA,9.00119E+14,NA,NA,25/08/2021,13:40,895,NA,NA,748,NA,NA,NA,NA,NA,NA,NA,NA,NA,NA,NA,NA,NA,NA,NA,NA,NA,NA,NA,NA,NA,T06438,NA,NA,,NA,NA,NA,NA,NA,NA,,NA,NA,NA,NA,NA,NA,NA,NA,NA,NA,NA,NA
87,NA,NA,59213,F,Adult,T,314649,Resighting,-18.0507,122.19974,WB24326,NA,9.00119E+14,9.00006E+14,NA,25/08/2021,14:50,900,NA,NA,NA,NA,NA,NA,NA,NA,NA,NA,NA,NA,NA,NA,NA,NA,NA,NA,NA,NA,NA,NA,NA,NA,T06854,NA,NA,,NA,NA,NA,NA,NA,NA,,NA,NA,NA,NA,NA,NA,NA,NA,NA,NA,NA,NA
92,NA,NA,73711,F,Adult,T,314635,Initial Sighting,-18.04818,122.19311,WB24327,NA,9.00119E+14,NA,NA,26/08/2021,09:30,874,NA,NA,NA,NA,NA,NA,NA,NA,NA,NA,NA,NA,NA,NA,NA,NA,NA,NA,NA,NA,NA,NA,NA,NA,G3773,NA,NA,,NA,NA,NA,NA,NA,NA,,NA,NA,NA,NA,NA,NA,NA,NA,NA,NA,NA,NA
93,NA,NA,73712,F,Adult,T,314636,Initial Sighting,-18.05537,122.19388,WB24328,NA,9.00119E+14,NA,NA,26/08/2021,09:50,891,NA,NA,NA,NA,NA,NA,NA,NA,NA,NA,NA,NA,NA,NA,NA,NA,NA,NA,NA,NA,NA,NA,NA,NA,T06490,NA,NA,,NA,NA,NA,NA,NA,NA,,NA,NA,NA,NA,NA,NA,NA,NA,NA,NA,NA,NA
91,NA,NA,73713,F,Adult,T,314637,Initial Sighting,-18.05293,122.19293,WB24329,NA,9.00119E+14,NA,NA,26/08/2021,10:00,865,NA,NA,NA,NA,NA,NA,NA,NA,NA,NA,NA,NA,NA,NA,NA,NA,NA,NA,NA,NA,NA,NA,NA,NA,T06814,NA,NA,,NA,NA,NA,NA,NA,NA,,NA,NA,NA,NA,NA,NA,NA,NA,NA,NA,NA,NA
89,NA,NA,73714,F,Adult,T,314638,Initial Sighting,-18.0526,122.18837,WB24333,NA,9.00119E+14,NA,NA,26/08/2021,10:25,862,NA,NA,NA,NA,NA,NA,NA,NA,NA,NA,NA,NA,NA,NA,NA,NA,NA,NA,NA,NA,NA,NA,NA,NA,T06840,NA,NA,,NA,NA,NA,NA,NA,NA,,NA,NA,NA,NA,NA,NA,NA,NA,NA,NA,NA,NA
95,NA,NA,73715,F,Adult,T,314639,Initial Sighting,-18.05491,122.19456,WB24349,NA,9.00119E+14,NA,NA,26/08/2021,11:15,900,NA,NA,NA,NA,NA,NA,NA,NA,NA,NA,NA,NA,NA,NA,NA,NA,NA,NA,NA,NA,NA,NA,NA,NA,F6387,NA,NA,,NA,NA,NA,NA,NA,NA,,NA,NA,NA,NA,NA,NA,NA,NA,NA,NA,NA,NA
94,NA,NA,54963,F,Adult,T,314650,Resighting,-18.05135,122.19177,WA72738,NA,9.00119E+14,9.00119E+14,NA,26/08/2021,11:40,895,NA,NA,NA,NA,NA,NA,NA,NA,NA,NA,NA,NA,NA,NA,NA,NA,NA,NA,NA,NA,NA,NA,NA,NA,T06869,NA,NA,,NA,NA,NA,NA,NA,NA,,NA,NA,NA,NA,NA,NA,NA,NA,NA,NA,NA,NA
88,NA,NA,73716,F,Adult,T,314640,Initial Sighting,-18.05406,122.19663,WB24344,NA,9.00119E+14,NA,NA,26/08/2021,12:10,830,NA,NA,NA,NA,NA,NA,NA,NA,NA,NA,NA,NA,NA,NA,NA,NA,NA,NA,NA,NA,NA,NA,NA,NA,T08810,NA,NA,,NA,NA,NA,NA,NA,NA,,NA,NA,NA,NA,NA,NA,NA,NA,NA,NA,NA,NA
97,NA,NA,73717,F,Adult,T,314641,Initial Sighting,-18.05424,122.19965,WB24346,NA,9.00119E+14,NA,NA,26/08/2021,12:25,933,NA,NA,NA,NA,NA,NA,NA,NA,NA,NA,NA,NA,NA,NA,NA,NA,NA,NA,NA,NA,NA,NA,NA,NA,T06206,NA,NA,,NA,NA,NA,NA,NA,NA,,NA,NA,NA,NA,NA,NA,NA,NA,NA,NA,NA,NA
90,NA,NA,73718,F,Adult,T,314642,Initial Sighting,-18.05154,122.19509,WB24347,NA,9.00119E+14,NA,NA,26/08/2021,12:40,862,NA,NA,NA,NA,NA,NA,NA,NA,NA,NA,NA,NA,NA,NA,NA,NA,NA,NA,NA,NA,NA,NA,NA,NA,F5754,NA,NA,,NA,NA,NA,NA,NA,NA,,NA,NA,NA,NA,NA,NA,NA,NA,NA,NA,NA,Biopsy number changed from T6763 - potential misread vial??
96,NA,NA,73719,F,Adult,T,314643,Initial Sighting,-18.05055,122.19343,WB24348,NA,9.00119E+14,NA,NA,26/08/2021,13:00,900,NA,NA,NA,NA,NA,NA,NA,NA,NA,NA,NA,NA,NA,NA,NA,NA,NA,NA,NA,NA,NA,NA,NA,NA,T06811,NA,NA,,NA,NA,NA,NA,NA,NA,,NA,NA,NA,NA,NA,NA,NA,NA,NA,NA,NA,NA
99,NA,NA,62442,F,Adult,T,324195,Resighting,-18.02382,122.2544,NA,NA,9.00006E+14,9.00119E+14,NA,21/08/2022,11:00,854,NA,72,NA,1.156002796,NA,NA,NA,NA,NA,NA,NA,NA,NA,NA,NA,NA,NA,NA,NA,NA,NA,NA,NA,NA,T06717,NA,NA,,NA,NA,NA,NA,NA,NA,,NA,NA,NA,NA,NA,NA,NA,NA,NA,NA,NA,NA
186,NA,NA,74819,M,Adult,T,324173,Initial Sighting,-18.02855,122.25298,WB20201,NA,9.00119E+14,9.00119E+14,NA,21/08/2022,11:20,810,NA,63,665,1.185456147,NA,NA,NA,NA,NA,NA,NA,NA,NA,NA,NA,NA,NA,NA,NA,NA,NA,NA,NA,NA,T06790,NA,NA,,NA,NA,NA,NA,NA,NA,,NA,NA,NA,NA,NA,NA,NA,NA,NA,NA,NA,NA
101,NA,NA,67999,F,Adult,T,324196,Resighting,-18.02813,122.2534,NA,NA,9.00119E+14,9.00119E+14,NA,21/08/2022,11:45,890,NA,NA,715,NA,NA,NA,NA,NA,NA,NA,NA,NA,NA,NA,NA,NA,NA,NA,NA,NA,NA,NA,NA,NA,T06737,NA,NA,,NA,NA,NA,NA,NA,NA,,NA,NA,NA,NA,NA,NA,NA,NA,NA,NA,NA,NA
98,NA,NA,59063,F,Adult,Q,324197,Resighting,-18.03253,122.2509,NA,NA,9.00119E+14,9.00119E+14,NA,21/08/2022,12:00,850,NA,77,702,1.253816405,NA,NA,NA,NA,NA,NA,NA,NA,NA,NA,NA,NA,NA,NA,NA,NA,NA,NA,NA,NA,T06660,NA,NA,,NA,NA,NA,NA,NA,NA,,NA,NA,NA,NA,NA,NA,NA,NA,NA,NA,NA,NA
142,NA,NA,74820,F,Adult,T,324174,Initial Sighting,-18.0355,122.25142,WB20202,NA,9.00119E+14,9.00119E+14,NA,21/08/2022,12:30,830,NA,NA,690,NA,NA,NA,NA,NA,NA,NA,NA,NA,NA,NA,NA,NA,NA,NA,NA,NA,NA,NA,NA,NA,NA,NA,NA,,NA,NA,NA,NA,NA,NA,,NA,NA,NA,NA,NA,NA,NA,NA,NA,NA,NA,NA
100,NA,NA,74821,F,Adult,T,324175,Initial Sighting,-18.037105,122.26003,WB20203,NA,9.00119E+14,9.00119E+14,NA,21/08/2022,13:15,858,NA,75,737,1.187406439,NA,NA,NA,NA,NA,NA,NA,NA,NA,NA,NA,NA,NA,NA,NA,NA,NA,NA,NA,NA,T06714,NA,NA,,NA,NA,NA,NA,NA,NA,,NA,NA,NA,NA,NA,NA,NA,NA,NA,NA,NA,NA
102,NA,NA,74822,F,Adult,T,324176,Initial Sighting,-18.03404,122.26367,WB20205,NA,9.00119E+14,9.00119E+14,NA,21/08/2022,13:40,891,NA,84,734,1.187534332,NA,NA,NA,NA,NA,NA,NA,NA,NA,NA,NA,NA,NA,NA,NA,NA,NA,NA,NA,NA,T06753,NA,NA,,NA,NA,NA,NA,NA,NA,,NA,NA,NA,NA,NA,NA,NA,NA,NA,NA,NA,NA
103,NA,NA,74823,F,Adult,T,324177,Initial Sighting,-18.03133,122.276,WB20206,NA,9.00119E+14,9.00119E+14,NA,21/08/2022,14:05,942,NA,84,760,1.004908634,NA,NA,NA,NA,NA,NA,NA,NA,NA,NA,NA,NA,NA,NA,NA,NA,NA,NA,NA,NA,T06752,NA,NA,,NA,NA,NA,NA,NA,NA,,NA,NA,NA,NA,NA,NA,NA,NA,NA,NA,NA,NA
187,NA,NA,74824,M,Adult,T,324178,Initial Sighting,-18.03062,122.27198,WB20207,NA,9.00119E+14,NA,NA,21/08/2022,14:30,835,NA,64,NA,1.099310934,NA,NA,NA,NA,NA,NA,NA,NA,NA,NA,NA,NA,NA,NA,NA,NA,NA,NA,NA,NA,T06725,NA,NA,,NA,NA,NA,NA,NA,NA,,NA,NA,NA,NA,NA,NA,NA,NA,NA,NA,NA,NA
104,NA,NA,70885,F,Adult,T,324198,Resighting,-18.03333,122.26921,NA,NA,9.00119E+14,9.00119E+14,NA,21/08/2022,14:45,NA,NA,79,704,NA,NA,NA,NA,NA,NA,NA,NA,NA,NA,NA,NA,NA,NA,NA,NA,NA,NA,NA,NA,NA,T06768,NA,NA,,NA,NA,NA,NA,NA,NA,,NA,NA,NA,NA,NA,NA,NA,NA,NA,NA,NA,NA
114,NA,NA,74825,F,Adult,T,324179,Initial Sighting,-18.0234,122.25213,WB20225,WB20223,9.00119E+14,NA,NA,22/08/2022,10:30,902,NA,NA,770,NA,NA,NA,NA,NA,NA,NA,NA,NA,NA,NA,NA,NA,NA,NA,NA,NA,NA,NA,NA,NA,T06881,NA,NA,,NA,NA,NA,NA,NA,NA,,NA,NA,NA,NA,NA,NA,NA,NA,NA,NA,NA,NA
112,NA,NA,54021,F,Adult,T,324204,Resighting,-18.02724,122.25153,WA74340,NA,9.00119E+14,NA,NA,22/08/2022,11:45,884,NA,85,NA,1.230444787,NA,NA,NA,NA,NA,NA,NA,NA,NA,NA,NA,NA,NA,NA,NA,NA,NA,NA,NA,NA,T06772,NA,NA,,NA,NA,NA,NA,NA,NA,,NA,NA,NA,NA,NA,NA,NA,NA,NA,NA,NA,NA
107,NA,NA,74826,F,Adult,T,324180,Initial Sighting,-18.02729,122.2561,WB20211,NA,9.00119E+14,NA,NA,22/08/2022,12:00,850,NA,NA,718,NA,NA,NA,NA,NA,NA,NA,NA,NA,NA,NA,NA,NA,NA,NA,NA,NA,NA,NA,NA,NA,T06774,NA,NA,,NA,NA,NA,NA,NA,NA,,NA,NA,NA,NA,NA,NA,NA,NA,NA,NA,NA,NA
190,NA,NA,72208,M,Adult,T,324199,Resighting,-18.0258,122.2518,NA,NA,9.00119E+14,9.00119E+14,NA,22/08/2022,12:20,846,NA,70,690,1.156077505,28,NA,NA,NA,NA,NA,NA,NA,NA,NA,NA,NA,NA,NA,NA,NA,NA,NA,NA,NA,NA,NA,NA,,NA,NA,NA,NA,NA,NA,,NA,NA,NA,NA,NA,NA,NA,NA,NA,NA,NA,NA
106,NA,NA,74827,F,Adult,T,324181,Initial Sighting,-18.0249,122.2554,WB20278,NA,9.00119E+14,NA,NA,22/08/2022,13:15,846,NA,71,701,1.172592898,NA,NA,NA,NA,NA,NA,NA,NA,NA,NA,NA,NA,NA,NA,NA,NA,NA,NA,NA,NA,T06713,NA,NA,,NA,NA,NA,NA,NA,NA,,NA,NA,NA,NA,NA,NA,NA,NA,NA,NA,NA,NA
109,NA,NA,57648,F,Adult,NA,324200,Resighting,-18.0278,122.2595,NA,NA,9.00006E+14,9.00119E+14,NA,22/08/2022,13:32,869,NA,72,714,1.097168087,NA,NA,NA,NA,NA,NA,NA,NA,NA,NA,NA,NA,NA,NA,NA,NA,NA,NA,NA,NA,NA,NA,NA,,NA,NA,NA,NA,NA,NA,,NA,NA,NA,NA,NA,NA,NA,NA,NA,NA,NA,NA
105,NA,NA,74828,F,Adult,T,324182,Initial Sighting,-18.03225,122.26202,WB20214,NA,9.00119E+14,NA,NA,22/08/2022,13:45,822,NA,62,695,1.11628795,NA,NA,NA,NA,NA,NA,NA,NA,NA,NA,NA,NA,NA,NA,NA,NA,NA,NA,NA,NA,T06720,NA,NA,,NA,NA,NA,NA,NA,NA,,NA,NA,NA,NA,NA,NA,NA,NA,NA,NA,NA,NA
111,NA,NA,72174,F,Adult,T,324201,Resighting,-18.0303,122.2628,WB20279,NA,9.00119E+14,9.00119E+14,NA,22/08/2022,13:55,873,NA,74,687,1.104700646,NA,NA,NA,NA,NA,NA,NA,NA,NA,NA,NA,NA,NA,NA,NA,NA,NA,NA,NA,NA,T06751,NA,NA,,NA,NA,NA,NA,NA,NA,,NA,NA,NA,NA,NA,NA,NA,NA,NA,NA,NA,NA
189,NA,NA,74829,M,Adult,T,324183,Initial Sighting,-18.0318,122.2627,WB20208,WB20209,9.00119E+14,NA,NA,22/08/2022,14:15,820,NA,72,716,1.305842922,22,NA,NA,NA,NA,NA,NA,NA,NA,NA,NA,NA,NA,NA,NA,NA,NA,NA,NA,NA,T06731,NA,NA,,NA,NA,NA,NA,NA,NA,,NA,NA,NA,NA,NA,NA,NA,NA,NA,NA,NA,NA
188,NA,NA,74830,M,Adult,T,324184,Initial Sighting,-18.03316,122.26351,WB20215,NA,9.00119E+14,NA,NA,22/08/2022,14:20,780,NA,60,624,1.264350377,26.5,NA,NA,NA,NA,NA,NA,NA,NA,NA,NA,NA,NA,NA,NA,NA,NA,NA,NA,NA,T06783,NA,NA,,NA,NA,NA,NA,NA,NA,,NA,NA,NA,NA,NA,NA,NA,NA,NA,NA,NA,NA
113,NA,NA,74831,F,Adult,T,324185,Initial Sighting,-18.03,122.2669,WB20280,NA,9.00119E+14,NA,NA,22/08/2022,14:44,892,NA,81,726,1.134230489,NA,NA,NA,NA,NA,NA,NA,NA,NA,NA,NA,NA,NA,NA,NA,NA,NA,NA,NA,NA,T06746,NA,NA,,NA,NA,NA,NA,NA,NA,,NA,NA,NA,NA,NA,NA,NA,NA,NA,NA,NA,NA
191,NA,NA,74832,M,Adult,T,324186,Initial Sighting,-18.03206,122.2676,WB20216,NA,9.00119E+14,NA,NA,22/08/2022,15:00,867,NA,70,672,1.074090184,NA,NA,NA,NA,NA,NA,NA,NA,NA,NA,NA,NA,NA,NA,NA,NA,NA,NA,NA,NA,T06711,NA,NA,,NA,NA,NA,NA,NA,NA,,NA,NA,NA,NA,NA,NA,NA,NA,NA,NA,NA,NA
110,NA,NA,74833,F,Adult,T,324187,Initial Sighting,-18.0272,122.2684,WB20282,NA,9.00119E+14,NA,NA,22/08/2022,15:04,870,NA,74,659,1.123761016,NA,NA,NA,NA,NA,NA,NA,NA,NA,NA,NA,NA,NA,NA,NA,NA,NA,NA,NA,NA,T06800,NA,NA,,NA,NA,NA,NA,NA,NA,,NA,NA,NA,NA,NA,NA,NA,NA,NA,NA,NA,NA
192,NA,NA,74841,M,Adult,T,324203,Initial Sighting,-18.02918,122.27102,WB20217,NA,9.00119E+14,NA,NA,22/08/2022,15:15,881,NA,81,615,1.184560628,NA,NA,NA,NA,NA,NA,NA,NA,NA,NA,NA,NA,NA,NA,NA,NA,NA,NA,NA,NA,T06777,NA,NA,,NA,NA,NA,NA,NA,NA,,NA,NA,NA,NA,NA,NA,NA,NA,NA,NA,NA,NA
108,NA,NA,74834,F,Adult,T,324188,Initial Sighting,-18.0272,122.2715,WB20283,NA,9.00119E+14,NA,NA,22/08/2022,15:20,857,NA,72,709,1.143905191,NA,NA,NA,NA,NA,NA,NA,NA,NA,NA,NA,NA,NA,NA,NA,NA,NA,NA,NA,NA,T06745,NA,NA,,NA,NA,NA,NA,NA,NA,,NA,NA,NA,NA,NA,NA,NA,NA,NA,NA,NA,NA
115,NA,NA,60352,F,Adult,T,324202,Resighting,-17.9277,122.1853,WB21300,NA,9.00119E+14,9.00006E+14,9.00E+14,23/08/2022,14:55,856,NA,84,753,1.339238704,NA,NA,NA,NA,NA,NA,NA,NA,NA,NA,NA,NA,NA,NA,NA,NA,NA,NA,NA,NA,T06727,NA,263,,NA,NA,NA,NA,NA,NA,,NA,NA,NA,NA,NA,NA,NA,NA,NA,NA,NA,NA
116,NA,NA,74835,F,Adult,T,324189,Initial Sighting,-17.9108,122.1792,WB21221,NA,9.00119E+14,NA,NA,24/08/2022,14:15,883,NA,81,706,1.169267207,NA,NA,NA,NA,NA,NA,NA,NA,NA,NA,NA,NA,NA,NA,NA,NA,NA,NA,NA,NA,T06801,NA,264,,NA,NA,NA,NA,NA,NA,,NA,NA,NA,NA,NA,NA,NA,NA,NA,NA,NA,NA
117,NA,NA,74836,F,Adult,T,324190,Initial Sighting,-17.9109,122.1789,WB21220,NA,9.00119E+14,NA,NA,24/08/2022,14:30,888,NA,79,724,1.128205452,NA,NA,NA,NA,NA,NA,NA,NA,NA,NA,NA,NA,NA,NA,NA,NA,NA,NA,NA,NA,T06619,NA,265,,NA,NA,NA,NA,NA,NA,,NA,NA,NA,NA,NA,NA,NA,NA,NA,NA,NA,NA
193,NA,NA,74837,M,Adult,T,324191,Initial Sighting,-17.91728,122.17735,WB20398,NA,9.00119E+14,NA,NA,24/08/2022,15:08,877,NA,73,695,1.074828631,23.5,NA,NA,NA,NA,NA,NA,NA,NA,NA,NA,NA,NA,NA,NA,NA,NA,NA,NA,NA,T06718,NA,266,,NA,NA,NA,NA,NA,NA,,NA,NA,NA,NA,NA,NA,NA,NA,NA,NA,NA,NA
120,NA,NA,74838,F,Adult,T,324192,Initial Sighting,-17.9075,122.17595,WB20218,NA,9.00119E+14,9.00119E+14,NA,25/08/2022,12:11,896,NA,84,740,1.167764469,NA,NA,NA,NA,NA,NA,NA,NA,NA,NA,NA,NA,NA,NA,NA,NA,NA,NA,NA,NA,T06624,NA,NA,,NA,NA,NA,NA,NA,NA,,NA,NA,NA,NA,NA,NA,NA,NA,NA,NA,NA,NA
119,NA,NA,74839,F,Adult,T,324193,Initial Sighting,-17.90235,122.17721,WB20219,NA,9.00119E+14,9.00119E+14,NA,25/08/2022,12:46,844,NA,70,692,1.164315557,NA,NA,NA,NA,NA,NA,NA,NA,NA,NA,NA,NA,NA,NA,NA,NA,NA,NA,NA,NA,T06792,NA,NA,,NA,NA,NA,NA,NA,NA,,NA,NA,NA,NA,NA,NA,NA,NA,NA,NA,NA,NA
118,NA,NA,74840,F,Adult,T,324194,Initial Sighting,-17.90728,122.18054,WB20220,WB20221,9.00119E+14,9.00119E+14,NA,25/08/2022,14:08,825,NA,NA,700,NA,NA,NA,NA,NA,NA,NA,NA,NA,NA,NA,NA,NA,NA,NA,NA,NA,NA,NA,NA,NA,T06673,NA,NA,,NA,NA,NA,NA,NA,NA,,NA,NA,NA,NA,NA,NA,NA,NA,NA,NA,NA,NA
121,NA,NA,76454,F,Adult,T,337910,Initial Sighting,-18.05804,122.19663,WB25590,NA,9.92E+14,9.92E+14,NA,18/09/2023,09:55,854,NA,64,693,1.019530243,NA,NA,NA,NA,NA,NA,NA,NA,NA,NA,NA,NA,NA,NA,NA,NA,NA,NA,NA,NA,T00520,NA,NA,,NA,NA,NA,NA,NA,NA,,NA,NA,NA,NA,NA,NA,NA,NA,NA,NA,NA,NA
122,NA,NA,76456,F,Adult,T,337912,Initial Sighting,-18.0329,122.20172,WB25591,NA,9.92E+14,9.92E+14,NA,21/09/2023,10:45,900,NA,82,725,1.119341564,NA,NA,NA,NA,NA,NA,NA,NA,NA,NA,NA,NA,NA,NA,NA,NA,NA,NA,NA,NA,T00477,NA,NA,,NA,NA,NA,NA,NA,NA,,NA,NA,NA,NA,NA,NA,NA,NA,NA,NA,NA,NA
123,NA,NA,77489,F,Adult,T,346231,Initial Sighting,-18.0582,122.18975,WB34326,NA,9.92E+14,NA,NA,14/02/2024,10:42,864,NA,NA,726,NA,NA,NA,NA,NA,NA,NA,NA,NA,NA,NA,NA,NA,NA,NA,NA,NA,NA,NA,NA,NA,F8070,NA,NA,,NA,NA,NA,NA,NA,NA,,NA,NA,NA,NA,NA,NA,NA,NA,NA,NA,NA,NA
124,NA,NA,77490,F,Adult,T,346232,Initial Sighting,-18.09374,122.27916,WB34349,NA,9.92E+14,9.92E+14,NA,15/02/2024,11:57,890,NA,72,725,1.021321505,NA,NA,NA,NA,NA,NA,NA,NA,NA,NA,NA,NA,NA,NA,NA,NA,NA,NA,NA,NA,G0345,NA,NA,,CS1,NA,NA,NA,NA,NA,,NA,NA,NA,NA,NA,NA,NA,NA,NA,NA,NA,NA
194,NA,NA,77491,M,Adult,T,346233,Initial Sighting,-18.06115,122.2274,NA,NA,9.92E+14,9.92E+14,NA,15/02/2024,13:30,NA,NA,NA,NA,NA,NA,NA,NA,NA,NA,NA,NA,NA,NA,NA,NA,NA,NA,NA,NA,NA,NA,NA,NA,NA,NA,NA,NA,,NA,NA,NA,NA,NA,NA,,NA,NA,NA,NA,NA,NA,NA,NA,NA,NA,NA,NA
143,NA,NA,77492,I,Juvenile,T,346234,Initial Sighting,-18.09061,122.24323,NA,NA,9.92E+14,NA,NA,16/02/2024,11:40,505,NA,NA,454,NA,NA,NA,NA,NA,NA,NA,NA,NA,NA,NA,NA,NA,NA,NA,NA,NA,NA,NA,NA,NA,NA,NA,NA,,NA,NA,NA,NA,NA,NA,,NA,NA,NA,NA,NA,NA,NA,NA,NA,NA,NA,NA
125,NA,NA,78601,M,Adult,T,353342,Initial Sighting,-18.0938,122.25634,WB34348,NA,9.92E+14,9.92E+11,NA,16/02/2024,12:35,805,NA,56?,650,NA,21,36.1,8,NA,NA,NA,NA,NA,NA,NA,NA,NA,NA,NA,NA,NA,NA,NA,NA,NA,G0316,NA,NA,,CS2,NA,NA,NA,NA,NA,,NA,NA,NA,NA,NA,NA,NA,NA,NA,NA,NA,NA
195,NA,NA,77493,M,Adult,T,346235,Initial Sighting,-18.252,122.12482,WB34351,NA,9.92E+14,9.92E+14,NA,19/02/2024,12:05,830,NA,61,NA,1.06683083,NA,NA,NA,NA,NA,NA,NA,NA,NA,NA,NA,NA,NA,NA,NA,NA,NA,NA,NA,NA,F8278,NA,NA,,NA,NA,NA,NA,NA,NA,,NA,NA,NA,NA,NA,NA,NA,NA,NA,NA,NA,NA
129,NA,NA,77495,F,Adult,T,346237,Initial Sighting,-18.03218,122.20267,WB34327,NA,9.92E+14,9.92E+14,NA,20/02/2024,09:15,919,NA,76,NA,0.972748159,NA,NA,NA,NA,NA,NA,NA,NA,NA,NA,NA,NA,NA,NA,NA,NA,NA,NA,NA,NA,G0325,NA,NA,,CS3,NA,NA,NA,NA,NA,,NA,NA,NA,NA,NA,NA,NA,NA,NA,NA,NA,NA
127,NA,NA,77496,F,Adult,T,346238,Initial Sighting,-18.03201,122.20509,WB34375,NA,9.92E+14,9.92E+14,NA,20/02/2024,09:35,825,NA,NA,NA,NA,NA,NA,NA,NA,NA,NA,NA,NA,NA,NA,NA,NA,NA,NA,NA,NA,NA,NA,NA,NA,G0348,NA,NA,,NA,NA,NA,NA,NA,NA,,NA,NA,NA,NA,NA,NA,NA,NA,NA,NA,NA,NA
126,NA,NA,77497,F,Adult,T,346239,Initial Sighting,-18.03197,122.20125,WB34328,NA,9.92E+14,9.92E+14,NA,20/02/2024,09:36,797,NA,NA,NA,NA,NA,NA,NA,NA,NA,NA,NA,NA,NA,NA,NA,NA,NA,NA,NA,NA,NA,NA,NA,NA,F8412,NA,NA,,CS4,NA,NA,NA,NA,NA,,NA,NA,NA,NA,NA,NA,NA,NA,NA,NA,NA,NA
196,NA,NA,77498,M,Adult,T,346240,Initial Sighting,-18.03181,122.20172,WB34329,NA,9.92E+14,9.92E+14,NA,20/02/2024,10:53,865,NA,NA,710,NA,NA,NA,NA,NA,NA,NA,NA,NA,NA,NA,NA,NA,NA,NA,NA,NA,NA,NA,NA,NA,F8493,NA,NA,,CS7,NA,NA,NA,NA,NA,,NA,NA,NA,NA,NA,NA,NA,NA,NA,NA,NA,NA
128,NA,NA,77494,F,Adult,T,346236,Initial Sighting,NA,NA,WB34352,NA,9.92E+14,9.92E+14,NA,20/02/2024,NA,909,NA,NA,NA,NA,NA,NA,NA,NA,NA,NA,NA,NA,NA,NA,NA,NA,NA,NA,NA,NA,NA,NA,NA,NA,G0338,NA,NA,,NA,NA,NA,NA,NA,NA,,NA,NA,NA,NA,NA,NA,NA,NA,NA,NA,NA,NA
131,NA,NA,77499,F,Adult,T,346241,Initial Sighting,-18.05101,122.21134,WB34330,NA,9.92E+14,9.92E+14,NA,23/02/2024,10:34,890,NA,NA,730,NA,NA,NA,NA,NA,NA,NA,NA,NA,NA,NA,NA,NA,NA,NA,NA,NA,NA,NA,NA,NA,F8767,NA,NA,,CS8,NA,NA,NA,NA,NA,,NA,NA,NA,NA,NA,NA,NA,NA,NA,NA,NA,NA
130,NA,NA,77500,F,Adult,T,346242,Initial Sighting,-18.0476989,122.2173805,WB34331,NA,9.92E+14,9.92E+14,NA,23/02/2024,10:57,887,NA,NA,730,NA,NA,NA,NA,NA,NA,NA,NA,NA,NA,NA,NA,NA,NA,NA,NA,NA,NA,NA,NA,NA,G0358,NA,NA,,CS9,NA,NA,NA,NA,NA,,NA,NA,NA,NA,NA,NA,NA,NA,NA,NA,NA,NA
197,1,NA,78602,M,Adult,T,353343,Initial Sighting,-18.08158,122.31908,WB21449,NA,9.92E+14,9.92E+14,NA,12/08/2024,13:28,863,NA,65,713,1.011302241,25.5,NA,NA,5,3,NA,NA,NA,NA,NA,NA,NA,0.69,0.7,0.72,NA,NA,NA,NA,NA,T01390,NA,NA,1,NA,NA,NA,NA,Diary,NA,,CD-07-11,197878,01-150.962,D6,E8,15/08/2024,14:53,15:10,15/08/2024,9.2,23.6,"No cloacal swab due to everted penis, 25.5cm tail carapace to tip"
198,2,NA,NA,F,Adult,T,NA,Initial Sighting,-18.02678,122.26169,WB21426,NA,9.92E+14,9.92E+14,NA,15/08/2024,10:54,881,NA,70,721,1.02369437,NA,NA,NA,4,3,Eggs,0.21,0.6,0.54,NA,NA,NA,0.76,0.65,0.47,NA,NA,NA,NA,NA,T01470,NA,NA,NA,T01591,NA,NA,NA,Camera,NA,,CC-07-158,197879,05-151.424,B5,NA,17/08/2024,12:00,12:20,17/08/2024,14,23.8,"No bloods taken but tried. Healed superficial boat strike, healed fracture left and right distal limbs, minor scarring"
199,3,NA,78604,M,Adult,T,353345,Initial Sighting,-18.03219,122.27287,WB21448,NA,9.92E+14,9.92E+14,NA,15/08/2024,13:00,778,NA,52,632,1.10424274,11,NA,7,4,3,NA,NA,NA,NA,NA,NA,NA,0.5,0.36,0.31,NA,NA,NA,NA,NA,T01524,NA,NA,3,T01592,NA,NA,NA,NA,NA,,NA,NA,NA,NA,NA,NA,NA,14:16,NA,14,23.7,"7cm vent to tip, 11cm carapace to tip, maturing male"
200,4,NA,78605,M,Adult,T,353346,Initial Sighting,-18.03065,122.2596,WB21447,NA,9.92E+14,9.92E+14,NA,16/08/2024,11:10,880,NA,70,691,1.027188204,22.3,NA,8,5 (on the cusp of 4 and 5),3,NA,1.01,1.08,0.99,NA,NA,NA,0.54,0.74,0.72,NA,NA,NA,NA,NA,T01587,NA,NA,4,T01593,NA,NA,NA,Satellite tag,237202,,NA,NA,NA,NA,NA,NA,12:10,12:30,NA,31.6,23.6,"22.3cm car-tip, 8cm vent-tip. Bite marks on caudal carapace and ventral tail - tail substancially lacerated with view of penis clear from external; mated in 2024 at 80 mile now foraging north of RBB"
201,5,NA,NA,F,Adult,T,NA,Initial Sighting,-18.03342,122.26639,WB21450,NA,9.92E+14,9.92E+14,NA,17/08/2024,11:06,831,NA,61,671,1.062984088,NA,NA,NA,4 (on the cusp of 4 and 5),3,Follicles,0.94,0.86,0.86,NA,NA,NA,0.74,0.69,0.62,NA,NA,NA,NA,NA,T01400,NA,NA,5,T01594,NA,NA,NA,NA,NA,,NA,NA,NA,NA,NA,NA,NA,12:00,NA,20,20,healed carbuncle from floating (old)
202,6,NA,NA,F,Adult,T,NA,Initial Sighting,-18.02481,122.25868,WB21446,NA,9.92E+14,9.92E+14,NA,17/08/2024,12:30,873,NA,73,742,1.097185676,NA,NA,NA,4 (on the cusp of 4 and 5),3,None,0.59,0.52,0.48,NA,NA,NA,NA,NA,NA,NA,NA,NA,NA,NA,T01467,NA,NA,NA,T01595,NA,NA,NA,NA,NA,,NA,NA,NA,NA,NA,NA,NA,13:30,NA,12.3,19.9,Couldn't take blood. Discolouration/healed injury or infection on right cranial mid carapace and neck (just caudal to nuchal notch)
203,7,NA,78608,M,Adult,T,353349,Initial Sighting,-18.02508,122.25776,WB21445,NA,9.92E+14,9.92E+14,NA,17/08/2024,13:40,886,NA,73,691,1.049594858,22.1,NA,8.7,5 (on the cusp of 4 and 5),3,NA,0.38,0.46,0.31,NA,NA,NA,0.82,0.77,0.6,NA,NA,NA,NA,NA,T01408,NA,NA,7,T01596,NA,NA,NA,NA,NA,,NA,NA,NA,NA,NA,NA,NA,14:37,NA,10.2,19.6,"Right carapace has nodules/bubbles 4x, 3-4cm wide, ~1cm high. Attempted sat tag deployment but couldn't get it to start. 22.1cm car-tip, 8.7cm vent-tip"
204,8,NA,78609,M,Adult,T,353350,Initial Sighting,-18.0299,122.28222,WB21444,NA,9.92E+14,9.92E+14,NA,18/08/2024,09:15,827,NA,60,658,1.060802957,20.4,NA,7.1,4 (on the cusp of 3 and 4),3,NA,NA,NA,NA,NA,NA,NA,0.38,0.5,0.62,NA,NA,NA,NA,NA,T01469,NA,NA,8,T01598,NA,NA,NA,Satellite tag,237201,,NA,NA,NA,NA,NA,NA,10:05,10:15,NA,14.7,20.4,"20.4cm car-tip, 7.1cm vent-tip; stayed in RBB (as of Feb 25)"
205,9,NA,78610,M,Adult,T,353351,Initial Sighting,-18.0438,122.27654,WB21443,NA,9.92E+14,9.92E+14,NA,18/08/2024,11:14,869,NA,69,667,1.05145275,22.8,M,9.2,4,3,NA,0.62,0.62,0.53,NA,NA,NA,NA,NA,NA,NA,NA,NA,NA,NA,T01303,NA,NA,9,T01599,NA,NA,NA,NA,NA,,NA,NA,NA,NA,NA,NA,NA,11:52,NA,13.7,24.6,"22.8cm car-tip, 9.2 vent-tip. Healed circular injury right carapace medial to marginal scutes"
206,10,NA,78611,M,Adult,T,353352,Initial Sighting,-18.03087,122.25725,WB21442,NA,9.92E+14,9.92E+14,NA,18/08/2024,12:31,842,NA,65,693,1.088872632,22.3,NA,7.8,4,2 (on the cusp of 2 and 3),NA,NA,NA,NA,NA,NA,NA,0.32,0.25,0.49,NA,NA,NA,NA,NA,T01446,NA,NA,10,T01600,NA,NA,NA,NA,NA,,NA,NA,NA,NA,NA,NA,NA,13:20,NA,32,23,"Only took 10ml blood as turtle was excessively moving, stopped for welfare purposes. 22.3cm car-tip, 7.8cm vent-tip"
207,NA,NA,NA,NA,Post-hatchling,T,NA,Initial Sighting,-18.02677,122.2293,NA,NA,NA,NA,NA,18/02/2025,11:14,80,NA,NA,76,NA,NA,NA,NA,NA,NA,NA,NA,NA,NA,NA,NA,NA,NA,NA,NA,NA,NA,NA,NA,NA,T01485,NA,NA,NA,NA,NA,NA,NA,NA,NA,,NA,NA,NA,NA,NA,NA,NA,NA,NA,NA,NA,Barnacle on top of eye
208,NA,NA,NA,NA,Post-hatchling,T,NA,Initial Sighting,-18.03242,122.27872,NA,NA,NA,NA,NA,18/02/2025,14:16,84 (86 max),NA,NA,79,NA,NA,NA,NA,NA,NA,NA,NA,NA,NA,NA,NA,NA,NA,NA,NA,NA,NA,NA,NA,NA,T01294,NA,NA,NA,NA,NA,NA,NA,NA,NA,,NA,NA,NA,NA,NA,NA,NA,NA,NA,NA,NA,NA
209,11,NA,78627,M,Adult,T,353370,Initial Sighting,-17.92423,122.0598,WB19986,NA,9.00119E+14,9.00119E+14,NA,19/02/2025,10:30,852,NA,73,689,1.180331713,20,31,10.5,5,3,NA,NA,NA,NA,1.25,1.27,1.08,NA,NA,NA,1.45,1.26,1.04,NA,NA,T01445,NA,300,11,T01641,T01642,NA,NA,Diary,NA,,CD-07-14,182647,04-150.984,N6,N9,26/02/2025,NA,13:12,26/02/2025,15,28.3,"notches out of rear right carapace. 20 CT, 10.5 VT, 31 PT"
210,12,NA,NA,F,Adult,T,NA,Initial Sighting,-17.9205,122.05445,WB19989,NA,9.92E+14,9.92E+14,NA,19/02/2025,12:00,883,NA,81,734,1.176529736,NA,NA,NA,3 (on the cusp of 3 and 4),3,None,NA,NA,NA,0.81,0.57,0.39,NA,NA,NA,0.98,0.83,0.73,NA,NA,T01373,NA,301,12,T01643,T01644,NA,NA,Diary,NA,,CD-07-12,197877,02-150.923,N6,J9,26/02/2025,13:03,NA,20/02/2025,18,28.3, T01316 (barnacles)
211,13,NA,NA,F,Adult,T,NA,Initial Sighting,-17.93722,122.06053,WB19991,NA,9.92E+14,9.92E+14,NA,20/02/2025,10:20,837,NA,83,687,1.41547342,NA,NA,NA,4 (on the cusp of 4 and 5),3,Follicles,NA,NA,NA,1.26,1.18,1.02,NA,NA,NA,NA,NA,NA,NA,NA,T01567,NA,302,13,T01671,T01646,NA,NA,Diary,NA,,CD-07-11,197879,01-150.962,G9,J9,26/02/2025,10:24,11:09,01/03/2025,16,28.5,NA
212,14,NA,NA,F,Adult,T,NA,Initial Sighting,-17.9274,122.06368,WB19992,NA,"992000000693761, 992000000693760",9.92E+14,NA,20/02/2025,11:22,845,NA,65,674,1.077316297,NA,NA,NA,3 (on the cusp of 3 and 4),3,Follicles,NA,NA,NA,0.71,0.68,0.55,NA,NA,NA,1.05,0.88,0.68,NA,NA,T01280,NA,303,14,T01676,T01689,NA,NA,Diary,NA,,CD-07-10,182646,09-150.943,G9,J9,26/02/2025,11:37,12:18,28/02/2025,16.5,28.5,No speed wheel and GPS didn't work. Double PIT by accident
213,15,NA,NA,F,Adult,T,NA,Initial Sighting,-17.92863,122.06842,WB19993,NA,9.92E+14,9.92E+14,NA,20/02/2025,12:44,860 (estimate),NA,79,693,NA,NA,NA,NA,4,3,None (saw something on last video),NA,NA,NA,1.16,1.02,0.87,NA,NA,NA,1.06,1.34,1.1,NA,NA,T01465,NA,304,15,T01647,T01645,NA,NA,NA,NA,,NA,NA,NA,NA,NA,NA,NA,13:15,NA,17,28.7,Swollen cloaca may not have been a good sample. Dmagaes to edge of rear carapace hence CCL estimated around damage
214,16,NA,78613,M,Adult,T,353354,Initial Sighting,-17.932467,122.058053,WB19994,NA,9.92E+14,9.92E+14,NA,20/02/2025,13:25,819,NA,68,672,1.237819179,28.5,39,5.5,3 (on the cusp of 3 and 4),3,NA,NA,NA,NA,0.98,1.06,1.03,NA,NA,NA,0.86,0.76,0.65,NA,NA,T01365,NA,305,16,T01649,T01650,NA,NA,NA,NA,,NA,NA,NA,NA,NA,NA,NA,13:55,NA,18.8,28.8,VT 5.5 CT 28.5 PT 39
215,NA,NA,NA,NA,Juvenile,T,NA,Initial Sighting,-18.08492,122.13825,NA,NA,9.92E+14,9.92E+14,NA,21/02/2025,09:53,242,NA,1.5,221,NA,NA,NA,NA,4,3,NA,NA,NA,NA,NA,NA,NA,NA,NA,NA,NA,NA,NA,NA,NA,T01562,NA,306,NA,T01648,T01653,NA,NA,NA,NA,,NA,NA,NA,NA,NA,NA,NA,NA,NA,NA,NA, T01514 (faecal) T01454 (barnacles)
216,17,NA,78615,M,Adult,T,353356,Initial Sighting,-18.13802,122.10138,WB19996,NA,9.92E+14,9.92E+14,NA,21/02/2025,11:54,875,NA,88,719,1.313586006,24,35,9,4,3,NA,NA,NA,NA,0.99,0.72,0.54,NA,NA,NA,0.78,0.74,0.69,NA,NA,T01432,NA,307,17,T01655,T01654,NA,NA,NA,NA,,NA,NA,NA,NA,NA,NA,NA,12:18,NA,10,28.6,"Cloacal swab hard to get. CT 24, VT 9.0 PT 35"
217,NA,NA,NA,NA,Post-hatchling,T,NA,Initial Sighting,-18.1242,122.1658,NA,NA,9.92E+14,NA,NA,21/02/2025,14:34,164,NA,NA,147,NA,NA,NA,NA,NA,NA,NA,NA,NA,NA,NA,NA,NA,NA,NA,NA,NA,NA,NA,NA,NA,T01251,NA,308,NA,T01683,T01673,NA,NA,NA,NA,,NA,NA,NA,NA,NA,NA,NA,NA,NA,8.2,29.1,NA
218,18,NA,NA,F,Adult,T,NA,Initial Sighting,-18.07875,122.18305,WB19998,NA,9.00119E+14,9.00119E+14,NA,21/02/2025,15:03,845,NA,69,681,1.143612685,NA,NA,NA,4,3,None (interesting video #8),NA,NA,NA,0.94,0.8,0.64,NA,NA,NA,0.67,0.58,0.55,NA,NA,T01571,NA,309,18,T01652,T01657,NA,NA,NA,NA,,NA,NA,NA,NA,NA,NA,NA,NA,NA,NA,NA,NA
219,19,NA,NA,NA,Subadult,T,NA,Initial Sighting,-17.91418,122.05375,WB19999,NA,9.92E+14,9.92E+14,NA,22/02/2025,11:30,728,NA,46,647,NA,NA,NA,NA,3,3,NA,NA,NA,NA,0.55,0.49,0.5,NA,NA,NA,NA,NA,NA,NA,NA,T01453,NA,310,19,T01651,T01658,NA,NA,Camera,NA,,CC-07-160,197877,11-149.733,D6,NA,24/02/2025,12:06,12:09,23/02/2025,16.8,29.3,T01396 (faecal)
220,20,NA,NA,F,Adult,T,NA,Initial Sighting,-17.91625,122.05582,WB20000,NA,9.92E+14,9.92E+14,NA,22/02/2025,12:32,817,NA,65,740,1.191920219,NA,NA,NA,4,3,Follicles,NA,NA,NA,0.74,0.74,0.69,NA,NA,NA,0.38,0.32,0.39,NA,NA,T01460,NA,311,20,T01659,T01656,NA,NA,Camera,NA,,CC-07-157,204903,12-151.725,D6,NA,24/02/2025,13:24,13:28,24/02/2025,17,29.3,T01318 (faecal)
221,21,NA,NA,F,Adult,T,NA,Initial Sighting,-17.91787,122.06585,WB24779,NA,9.92E+14,9.92E+14,NA,22/02/2025,13:35,865,NA,75,720,1.158811886,NA,NA,NA,4 (on the cusp of 4 and 5),3,Follicles,NA,NA,NA,1.29,1.09,0.94,NA,NA,NA,0.89,0.71,0.66,NA,NA,T01530,NA,312,21,T01685,T01661,NA,NA,Camera,NA,,CC-07-159,197878,10-149.715,D6,NA,24/02/2025,14:30,14:45,LOST and later handed in,17.5,29.2,NA
222,22,NA,78619,M,Adult,T,353360,Initial Sighting,-17.924768,122.06324,WB24780,NA,9.92E+14,9.92E+14,NA,23/02/2025,11:36,906,NA,85,720,1.142968687,24.7,36.3,NA,4 (on the cusp of 4 and 5),3,NA,NA,NA,NA,0.71,0.6,0.64,NA,NA,NA,1.02,0.95,0.75,NA,NA,T01517,NA,313,22,T01669,T01687,NA,NA,Camera,NA,,CC-07-158,197877,05-151.424,D6,NA,25/02/2025,12:17,12:25,24/02/2025,17,28.6,CT 24.7 PT 36.3
223,NA,NA,NA,F,Adult,T,NA,Initial Sighting,-18.07734,122.3021,WB34935,NA,9.92E+14,9.92E+14,NA,08/04/2025,13:08,926,NA,80,728,1.007527774,NA,NA,NA,3,3,None,NA,NA,NA,NA,NA,NA,NA,NA,NA,NA,NA,NA,3.7,4.6,T01574,NA,314,23,T01680,T01670,NA,NA,Diary,NA,,CD-07-12,197877,150.923,N6,J9 (3),15/04/2025,14:15,14:32,17/04/2025,10.9,30,minor friction scar on neck
224,NA,NA,NA,F,Adult,T,NA,Initial Sighting,-18.02982,122.26152,NA,NA,9.92E+14,9.92E+14,NA,09/04/2025,10:02,869,NA,72,708,1.097168087,NA,NA,NA,4,3,Follicles,NA,NA,NA,NA,NA,NA,NA,NA,NA,NA,NA,NA,7.1,9.9,T01440,NA,315,24,T01682,T01681,NA,NA,Diary,NA,,CD-07-14,197879,04-150.984,N6,J9 (3),16/04/2025,10:08,11:12,15/04/2025,30,30.1,NA
225,NA,NA,NA,F,Adult,T,NA,Initial Sighting,-18.02987,122.2611,WB34936,NA,9.92E+14,9.92E+14,NA,09/04/2025,12:03,868,NA,77,766,1.177420382,NA,NA,NA,4 or 5,3,Unknown,NA,NA,NA,NA,NA,NA,NA,NA,NA,NA,NA,NA,2.8,3.7,T01322,NA,316,25,T01660,T01690,NA,NA,Diary,NA,,CD-07-13,182648,NA,N6,J9 (3),16/04/2025,12:17,13:07,17/04/2025,30,30.3,"Triangle chunk out of carapace. Scar behind right eye, old scar top of right flipper"
226,NA,NA,54021,F,Adult,T,353368,Resighting,-18.03406,122.27165,WA74340,NA,9.00119E+14,9.92E+14,NA,10/04/2025,08:15,891,NA,80,755,1.130985078,4,21.5,NA,3 or 4,3,Unknown,NA,NA,NA,NA,NA,NA,NA,NA,NA,NA,NA,NA,1.9,2.4,T01512,NA,317,26,T01632,T01672,NA,NA,Diary,NA,,CD-07-11,204903,01-150.962,G8,J9 (3),14/04/2025,09:00,09:20,17/04/2025,15,29.9,"old scar with barnacles top of r flipper, PT 214, CT 40"
227,NA,NA,78620,NA,Subadult,T,353361,Initial Sighting,-18.0315,122.26846,WB34937,NA,9.92E+14,9.92E+14,NA,10/04/2025,09:35,649,NA,31,584,NA,0,11.9,NA,3,3,NA,NA,NA,NA,NA,NA,NA,NA,NA,NA,NA,NA,NA,NA,NA,T01555,NA,318,NA,T01625,T01662,NA,NA,NA,NA,,NA,NA,NA,NA,NA,NA,NA,NA,NA,18,29.9,Bite marks on plastron and carapace
228,NA,NA,78621,M,Adult,T,353362,Initial Sighting,-18.03016,122.27069,WB34938,NA,9.92E+14,9.00119E+14,NA,10/04/2025,10:04,844,NA,61,656,1.014617842,24.4,41.4,8.7,3,3,NA,NA,NA,NA,NA,NA,NA,NA,NA,NA,NA,NA,NA,3.7,6,T01481,NA,319,27,T01688,T01619,NA,NA,NA,NA,,NA,NA,NA,NA,NA,NA,NA,NA,NA,17,29.9,"87 vt, 414 pt, 244 ct, claw collected"
229,NA,NA,74832,M,Adult,T,353369,Resighting,-18.03175,122.26671,NA,NA,9.00119E+14,9.00119E+14,NA,10/04/2025,11:11,857,NA,69,669,1.096242474,20,41,10,3 or 4,3,NA,NA,NA,NA,NA,NA,NA,NA,NA,NA,NA,NA,NA,3.6,5.3,T01407,NA,NA,28,T01677,T01664,NA,NA,NA,NA,,NA,NA,NA,NA,NA,NA,NA,NA,NA,19,30.3,"Not much blood, no DBCA sample, VT 100, PT 410, CT 200"
230,NA,NA,78629,F,Adult,T,353372,Resighting,-18.01751,122.25883,WB19991,NA,9.92E+14,9.92E+14,NA,10/04/2025,12:12,833,NA,68,685,1.176451177,4.5,22,NA,3,3,Unknown,NA,NA,NA,NA,NA,NA,NA,NA,NA,NA,NA,NA,2.4,3.5,T01498,NA,320,29,T01614,T01620,NA,NA,NA,NA,,NA,NA,NA,NA,NA,NA,NA,NA,NA,23.5,30.8,"Caught in feb, CT 45, PT 230"
231,NA,NA,78636,M,Adult,T,353379,Initial Sighting,-18.03432,122.2723,WB34939,NA,9.00119E+14,9.00119E+14,NA,11/04/2025,09:34,819,NA,60,674,1.092193393,20.2,29.3,5.8,3 or 4,3,NA,TENSE,NA,NA,NA,NA,NA,NA,NA,NA,NA,NA,NA,2.5,4.2,T01496,NA,321,30,T01633,T01636,NA,NA,Camera,NA,,CC-07-157,182647,09-150.943,D6,NA,14/04/2025,10:17,10:27,12/04/2025,16.5,30,"PT 293, VT 58, CT 202"
232,NA,NA,78622,M,Adult,T,353363,Initial Sighting,-18.02799,122.2748,WB34940,NA,9.00119E+14,9.00119E+14,NA,11/04/2025,13:11,888,NA,72,704,1.02823788,21,42.4,9.3,4,3,NA,NA,NA,NA,NA,NA,NA,NA,NA,NA,NA,NA,NA,NA,NA,T01482,NA,322,31,T01612,T01684,NA,NA,NA,NA,,NA,NA,NA,NA,NA,NA,NA,13:47,NA,12.8,30.7,"BIA not possible due to everted penis, PT 424, VT 93, CT210, notch in left flipper"
234,NA,NA,78623,F,Adult,T,353364,Initial Sighting,-18.03206,122.2541,WB34941,NA,9.00119E+14,9.00119E+14,NA,12/04/2025,12:16,800,NA,60,650,1.171875,2.5,10.7,3.4,3 or 4,3,Unknown,NA,NA,NA,NA,NA,NA,NA,NA,NA,NA,NA,NA,1.4,2.4,T01497,NA,323,32,T01674,T01678,NA,NA,NA,NA,,NA,NA,NA,NA,NA,NA,NA,NA,NA,20,30,"Prey sample taken, CT 25, PT107, VT 34"
235,NA,NA,78624,NA,Subadult,T,353365,Initial Sighting,-18.03244,122.27268,WB34942,NA,9.00119E+14,9.00119E+14,NA,13/04/2025,09:30,727,NA,41,623,NA,2.1,16.5,4,3,3,NA,NA,NA,NA,NA,NA,NA,NA,NA,NA,NA,NA,NA,NA,NA,T01478,NA,324,NA,T01663,NA,NA,NA,NA,NA,,NA,NA,NA,NA,NA,NA,NA,NA,NA,15.8,30,"CT21 PT 165 VT 40, minor hole in left flipper, wouldn't open mouth for buccal swab"
236,NA,NA,78625,F,Adult,T,353366,Initial Sighting,-18.03434,122.27019,WB34943,NA,9.00119E+14,9.00119E+14,NA,13/04/2025,12:10,867,NA,70,686,1.074090184,5,21.5,7,4,3,Follicles,NA,NA,NA,NA,NA,NA,NA,NA,NA,NA,NA,NA,5.8,8.3,T01314,NA,325,33,T01686,T01627,NA,NA,NA,NA,,NA,NA,NA,NA,NA,NA,NA,NA,NA,17.8,30,"PT 215, CT 50, VT 70, wound on right flipper tip,  T01299 (faecal)"
237,NA,NA,78626,M,Adult,T,353367,Initial Sighting,-18.03265,122.26923,WB34944,NA,9.00119E+14,9.00119E+14,NA,13/04/2025,13:25,882,NA,75,734,1.09308896,25,42.5,10,5,3,NA,NA,NA,NA,NA,NA,NA,NA,NA,NA,NA,NA,NA,3.1,4.1,T01466,NA,326,34,T01667,T01665,NA,NA,NA,NA,,NA,NA,NA,NA,NA,NA,NA,NA,NA,15.8,30.5,"scar under neck, sore skin taken photos, VT 100, PT 425, CT 250"
238,23,NA,NA,F,Adult,T,NA,Initial Sighting,-18.05894,122.18776,WB24781,NA,9.92E+14,9.92E+14,NA,20/08/2025,11:27,890,824,82,762,1.163171714,3.5,16.7,4.1,4,3,Follicles,NA,NA,NA,1.13,0.77,0.72,0.84,0.81,0.62,1.39,1.32,1.25,-2.4,-3,T01545,NA,327,54,CS12,CS10,NA,NA,Diary,NA,,CD-07-14,39374,03-150.984,G9,J9 (3),28/08/2025,12:45,12:59,31/08/2025,9,NA,"Jellyfish sample taken. oRIGINALLY NOTED AS 34 BLOODS WHICH ALREADY EXISTED, CHANGED TO 54"
239,24,NA,NA,F,Adult,T,NA,Resighting,-18.05879,122.17185,WB19993,NA,9.92E+14,9.92E+14,NA,20/08/2025,13:07,863,NA,62,697,0.964626753,5.1,21.8,6.2,3 or 4,3,Follicles,NA,NA,NA,1.47,1.09,0.78,NA,NA,NA,0.95,0.85,0.74,NA,NA,T01295,NA,328,35,CS11,BS1,NA,NA,Diary,NA,,CD-07-10,39371,09-150.804,G9,J9 (3),28/08/2025,14:00,14:17,30/08/2025,10.5,NA,Vomit and claw collected
240,25,77. RBB2025_08_03CD,NA,F,Adult,T,NA,Initial Sighting,-18.05958,122.176,WB24782,NA,9.92E+14,9.92E+14,NA,20/08/2025,14:19,849,789,65,673,1.062160841,4.6,18.3,3,4,3,Follicles,0.18,0.37,0.47,1.19,1.07,0.84,NA,NA,NA,0.5,0.69,0.84,NA,NA,T01258,NA,329,36,CS13,BS4,NA,NA,Diary,NA,,CD-07-13,39370,04-151.025,G9,J9 (3),28/08/2025,15:20,15:30,31/08/2025,10,NA,NA
241,26,76. RBB2025_08_02CD,NA,F,Adult,T,NA,Initial Sighting,-18.02851,122.27523,WB24783,NA,9.92E+14,9.92E+14,NA,21/08/2025,10:30,904,839,75,714,1.015210199,4.2,16.9,3.4,4,3,Follicles and atretic?,NA,NA,NA,0.49,0.41,0.38,0.61,0.59,0.55,0.95,0.94,0.81,NA,NA,T01431,NA,330,37,T01639,BS3,T01624,NA,Diary,NA,,CD-07-11,39369,01-150.962,G9,J9 (3),29/08/2025,11:20,11:27,31/08/2025,14,NA,Tag washed up on Demco beach
242,27,NA,NA,F,Adult,T,NA,Initial Sighting,-18.02684,122.27626,WB24784,NA,9.92E+14,9.92E+14,NA,21/08/2025,11:46,840,787,68,704,1.147284311,2.5,18.3,4.5,3,3,None,NA,NA,NA,NA,NA,NA,0.6,0.61,0.57,NA,NA,NA,NA,NA,T01475,NA,331,38,CS14,BS2,T01638,NA,Diary,NA,,CD-07-12,39368,02-150.923,G9,J9 (3),29/08/2025,12:25,12:30,31/08/2025,12,NA,BIA difficult
243,28,NA,NA,F,Adult,T,NA,Initial Sighting,-18.02772,122.2779,WB24785,NA,9.92E+14,9.92E+14,NA,21/08/2025,12:50,813,751,62,684,1.153772153,0.5,11.1,4.4,3,3,Atretic follicles?,1.53,1.27,1.08,0.62,0.59,0.49,NA,NA,NA,1.03,0.59,0.45,-0.1,-0.1,T01292,NA,332,39,CS15,BS9,T01640,NA,Camera,NA,,CC-07-159,39385,10-150.824,D6,NA,24/08/2025,13:30,13:38,22/08/2025,13.4,NA,NA
244,29,NA,NA,M,Adult,T,NA,Resighting,-18.02772,122.29468,NA,NA,9.00119E+14,9.92E+14,NA,22/08/2025,10:12,830,775,68,704,1.18925404,21.9,41,7.1,3 or 4,3,NA,1.12,1.07,1.01,1.28,1.2,1.12,0.38,0.33,0.33,0.86,0.67,0.49,NA,NA,T01311,NA,40,40,CS16,BS10,T01623,NA,Camera,NA,,CC-07-157,39380,08-150.844,D6,NA,25/08/2025,11:01,11:02,25/08/2025,9.5,NA,"Penis out during BIA, penis out during swab? Or before"
245,30,NA,NA,M,Adult,T,NA,Initial Sighting,-18.02772,122.29336,WB24786,NA,9.92E+14,9.92E+14,NA,22/08/2025,11:00,850,803,63,675,1.025849786,22.9,39.3,7.8,3,3,NA,0.74,0.68,0.66,0.95,0.79,0.64,NA,NA,NA,0.66,0.54,0.44,0.1,0.1,T01272,NA,333,41,CS17,BS12,T01631,NA,Camera,NA,,CC-07-158,39373,00-150.883,D6,NA,25/08/2025,11:50,11:52,24/08/2025,9.6,NA,"Constrained cloaca during swab, vomiting jellyfish"
246,31,NA,NA,M,Adult,T,NA,Resighting,-18.02772,122.29254,NA,NA,9.00119E+14,9.00119E+14,NA,22/08/2025,12:27,829,788,62,654,1.088248552,22.5,35,11,4,3,NA,NA,NA,NA,1,0.91,0.78,0.79,0.64,0.43,1.13,1.05,0.86,1.8,2.9,T01266,NA,334,42,CS18,BS13,T01606,NA,NA,NA,,NA,NA,NA,NA,NA,NA,NA,13:02,NA,7.8,NA,"Vomiting jellyfish, BIA difficult with boat movement, buccal swab touched potential sea water in mouth, damage to left hind flipper"
247,32,NA,NA,F,Adult,T,NA,Initial Sighting,-18.02772,122.27216,WB24787,NA,9.00119E+14,9.00119E+14,NA,22/08/2025,14:39,918,873,92,756,1.189213371,4.4,NA,4.3,5,3,Follicles,NA,NA,NA,0.98,0.89,0.81,NA,NA,NA,1.16,0.96,0.86,-0.1,-0.1,T01450,NA,335,43,CS19,BS11,T01603,NA,NA,NA,,NA,NA,NA,NA,NA,NA,NA,15:25,NA,14,NA,Lump/bump on head
248,33,NA,NA,M,Adult,T,NA,Initial Sighting,-18.02772,122.27848,NA,NA,9.92E+14,9.92E+14,NA,23/08/2025,09:33,853,793,72,685,1.160073224,24.7,33.9,10.4,4 or 5,3,NA,NA,NA,NA,0.93,0.86,0.71,0.54,0.72,0.54,0.99,0.91,0.81,0.7,1,T01527,NA,336,44,CS20,BS14,T01630,NA,NA,NA,,NA,NA,NA,NA,NA,NA,NA,NA,NA,NA,NA,"Sample taken from broken piece of carapace, penis out before cloacal swab"
249,34,NA,NA,M,Adult,T,NA,Initial Sighting,-18.02772,122.28413,WB24789,NA,9.92E+14,9.00119E+14,NA,23/08/2025,10:25,839,796,68,731,1.15139153,28.9,37.4,6.5,4,3,NA,NA,NA,NA,0.49,0.4,0.28,NA,NA,NA,0.68,0.53,0.3,0.9,1.4,T01560,NA,337,45,CS21,BS5,T01611,NA,NA,NA,,NA,NA,NA,NA,NA,NA,NA,10:58,NA,NA,NA,NA
250,35,NA,NA,F,Adult,T,NA,Resighting,-18.02772,122.29032,NA,NA,9.00119E+14,9.00119E+14,NA,23/08/2025,11:20,868,819,74,711,1.131546861,7.2,25.4,6.4,4,3,Follicles,NA,NA,NA,0.83,0.64,0.55,1.7,1.72,1.76,1.14,1.04,0.8,0.5,0.7,T01468,NA,338,46,CS22,BS17,T01608,NA,NA,NA,,NA,NA,NA,NA,NA,NA,NA,12:01,NA,10.3,NA,"Tag scars, damage to carapace"
251,36,NA,NA,F,Adult,T,NA,Initial Sighting,-18.02772,122.30008,WB24800,NA,9.00119E+14,9.00119E+14,NA,24/08/2025,12:15,885,829,81,732,1.168571276,6.7,22,5,3,3,Follicles,NA,NA,NA,0.91,0.67,0.45,NA,NA,NA,1.29,1.08,0.84,1.6,2,T01537,NA,339,47,CS23,BS18,T01628,NA,Camera,NA,,CC-07-160,39384,11-150.864,D6,NA,27/08/2025,13:01,13:08,26/08/2025,11.5,NA,Jellyfish vomit (not collected)
252,37,NA,NA,F,Adult,T,NA,Resighting,-18.02772,122.27463,NA,NA,9.00006E+14,9.92E+14,NA,24/08/2025,13:54,906,852,78,712,1.048841854,5.5,23,4.5,3 or 4,3,Follicles,0.44,0.37,0.26,0.55,0.39,0.22,NA,NA,NA,0.64,0.47,0.4,0.9,1.1,T01339,NA,340,48,CS25,BS21,T01615,NA,NA,NA,,NA,NA,NA,NA,NA,NA,NA,14:27,NA,32,NA,Flipper tag scars
253,38,NA,NA,F,Adult,T,NA,Resighting,-18.02772,122.2586,NA,NA,9.00119E+14,9.92E+14,NA,24/08/2025,14:35,914,857,86,723,1.12631499,5.5,23,4.5,4,3,Unknown,1.01,0.97,0.87,1.13,0.9,0.79,1.27,1.19,1.2,0.93,0.79,0.61,0.9,1.1,T01384,NA,NA,49,CS28,BS8,T01602,NA,NA,NA,,NA,NA,NA,NA,NA,NA,NA,15:02,NA,NA,NA,Scar on neck
254,39,NA,NA,F,Adult,T,NA,Resighting,-18.02772,122.27646,WB35002,NA,9.00119E+14,9.92E+14,NA,25/08/2025,12:28,874,834,78,726,1.168315947,2.5,18.5,4.5,3,3,Atretic follicles?,0.54,0.55,0.5,0.76,0.59,0.43,NA,0.37,0.28,0.88,0.67,0.59,0.5,0.7,T00825,NA,341,50,CS25,BS19,T01668,NA,NA,NA,,NA,NA,NA,NA,NA,NA,NA,13:04,NA,14.1,NA,NA
255,40,NA,NA,M,Adult,T,NA,Initial Sighting,-18.02772,122.27534,WB24790,NA,9.92E+14,9.00119E+14,NA,26/08/2025,09:39,841,797,65,705,1.092761459,2.45,38,6.5,3,3,NA,0.13,0.21,0.22,0.39,0.31,0.31,0.2,0.25,0.21,NA,NA,NA,1.4,2.2,T00793,NA,342,51,CS27,BS20,T01601,NA,Camera,NA,,CC-07-157,39380,08-150.844,D6,NA,29/08/2025,10:20,10:21,27/08/2025,13.73,NA,"Penis may have been touching floor on BIA, carapacew damage on rear right"
256,41,NA,NA,M,Adult,T,NA,Initial Sighting,-18.02772,122.30687,WB24791,NA,9.00119E+14,9.00119E+14,NA,26/08/2025,12:20,814,771,55,656,1.019740046,19,35,8,3,3,NA,NA,NA,NA,0.53,0.35,0.2,NA,NA,NA,1.11,0.98,0.77,1.9,3.4,T01401,NA,343,52,CS24,BS22,T01666,NA,NA,NA,,NA,NA,NA,NA,NA,NA,NA,13:00,NA,11,NA,NA
257,42,NA,NA,M,Adult,T,NA,Initial Sighting,-18.02772,122.25873,WB24792,NA,9.00119E+14,9.92E+14,NA,27/08/2025,13:20,808,766,56,546,1.061582974,18.5,32.5,9,3,3,NA,NA,0.21,0.28,0.38,0.28,0.23,0.2,0.2,0.19,NA,NA,NA,0.5,1,T01291,NA,344,53,CS29,BS7,T01617,NA,NA,NA,,NA,NA,NA,NA,NA,NA,NA,14:06,NA,15.8,NA,"Bit net when captured, may affect buccal swab,  T01609 (faecal - in eDNA tube)"
258,43,NA,NA,F,Adult,T,NA,Initial Sighting,-18.02772,122.25355,NA,NA,9.92E+14,9.92E+14,NA,02/02/2026,13:30,845,NA,NA,690,NA,5,27.5,6.5,3 or 4,3,None,NA,NA,NA,0.65,0.59,0.76,NA,NA,NA,0.58,0.45,0.46,,,T01259,NA,345,55,CS33,BS26,T01679,NA,Diary,NA,RBB2026_02_01CD,CD-07-11,39385,01-150.962,N6,J9 (3),09/02/2026,15:05,15:25,10/02/2026,11,NA,NA
259,NA,OLIVE RIDLEY,NA,NA,Subadult,T,NA,Initial Sighting,-18.02772,NA,WB37024,NA,9.92E+14,9.92E+14,NA,03/02/2026,,667,NA,NA,680,NA,95,18,7.5,3,2,Unknown,NA,NA,NA,NA,NA,NA,NA,NA,NA,NA,NA,NA,NA,NA,T01506,NA,346?,NA,CS37,NA,T01622,NA,NA,NA,,NA,NA,NA,NA,NA,NA,NA,NA,NA,NA,NA,T01616 WAS OPEN!!
260,NA,NA,NA,NA,Post-hatchling,T,NA,Initial Sighting,-18.02772,NA,NA,NA,NA,NA,NA,04/02/2026,11:55,76,NA,0.05,71,NA,NA,NA,NA,NA,NA,NA,NA,NA,NA,NA,NA,NA,NA,NA,NA,NA,NA,NA,NA,NA,NA,NA,NA,NA,CS36,NA,T01621,NA,NA,NA,,NA,NA,NA,NA,NA,NA,NA,NA,NA,NA,NA,NA
261,NA,HAWKSBILL,NA,NA,Juvenile,T,NA,Initial Sighting,-18.02772,NA,WB37008,WB37009,NA,NA,NA,04/02/2026,13:00,525,NA,13,465,NA,NA,NA,NA,3,2,NA,NA,NA,NA,NA,NA,NA,NA,NA,NA,NA,NA,NA,NA,NA,T01513,NA,NA,NA,CS39,BS24,T01616,NA,NA,NA,,NA,NA,NA,NA,NA,NA,NA,NA,NA,NA,NA,NA
262,NA,NA,NA,NA,Post-hatchling,T,NA,Initial Sighting,-18.02772,122.2052,NA,NA,NA,NA,NA,05/02/2026,10:52,110,NA,0.03,100,NA,NA,NA,NA,NA,NA,NA,NA,NA,NA,NA,NA,NA,NA,NA,NA,NA,NA,NA,NA,NA,T01338,NA,NA,NA,CS35 before cleaning; CS30 after cleaning,NA,NA,NA,NA,NA,,NA,NA,NA,NA,NA,NA,NA,11:10,,12,NA,NA
263,NA,NA,NA,NA,Post-hatchling,T,NA,Initial Sighting,-18.02772,122.22097,NA,NA,NA,NA,NA,05/02/2026,11:20,138,NA,0.32,127,NA,NA,NA,NA,NA,NA,NA,NA,NA,NA,NA,NA,NA,NA,NA,NA,NA,NA,NA,NA,NA,T01376,NA,NA,NA,CS31 without cleaning; CS38 after cleaning,BS28,T01635,NA,NA,NA,,NA,NA,NA,NA,NA,NA,NA,NA,NA,NA,NA,NA
264,NA,NA,NA,M,Adult,T,NA,Initial Sighting,-18.07551,122.29243,WB37010,NA,9.00119E+14,9.00119E+14,NA,14/04/2026,13:13,787,756,56,662,1.148851326,22.1,38.4,NA,3 or 4,3,NA,NA,NA,NA,NA,NA,NA,NA,NA,NA,NA,NA,NA,NA,NA,T01477,NA,56,347,CS34,BS15,T01610; T01675 (outside cloaca),NA,Diary,NA,RBB2026_04_02CD,CD-07-10,39371,00-150.804,N6,N6 (3),NA,14:40,14:47,21/04/2026,8,29.9,"Penis out, barnacles collected"
265,NA,NA,NA,M,Adult,T,NA,Initial Sighting,-18.03122,122.26271,WB37011,NA,9.00119E+14,9.00119E+14,NA,15/04/2026,11:00,833,777,60,670,1.038045156,23.7,28.7,10.2,4,3,NA,NA,NA,NA,NA,NA,NA,NA,NA,NA,NA,NA,NA,NA,NA,T01324,NA,57,NA,T01691,BS25,T01634; T01604 (outside cloaca),30,Diary,NA,RBB2026_04_01CD,CD-07-13,39385,03-151.025,E8,G9 (3),NA,12:20,12:30,21/04/2026,25,29.6,Claw collected
266,NA,NA,NA,F,Adult,T,NA,Initial Sighting,-18.03521,122.24434,WB24793,NA,9.92E+14,9.92E+14,NA,15/04/2026,12:54,835,789,67,705,1.150841134,47,19,5.3,3,3,NA,NA,NA,NA,NA,NA,NA,NA,NA,NA,NA,NA,NA,NA,NA,T01297,NA,58,348,CS32,BS27,T01513; T01629 (outside cloaca),33,NA,NA,,NA,NA,NA,NA,NA,NA,NA,14:05,NA,20,29.6,NA
267,NA,NA,NA,F,Adult,T,NA,Initial Sighting,-18.03258,122.23697,WB24794,NA,9.92E+14,9.00119E+14,NA,15/04/2026,14:40,853,814,73,702,1.176185352,5.3,12.7,5.4,4,3,Atretic follicles?,NA,NA,NA,NA,NA,NA,NA,NA,NA,NA,NA,NA,NA,NA,T01464,NA,59,349,BS30,BS29,NA,32,Diary,NA,RBB2026_04_03CD,CD-07-12,39374,02-150.923,E8,G9 (2); N6,,15:30,NA,23/04/2026,60,29.6,"Cloacal swab poor, v. tense"
268,NA,NA,NA,M,Adult,T,NA,Initial Sighting,-18.0284,122.22117,WB37012,NA,9.00119E+14,9.00119E+14,NA,16/04/2026,10:05,823,769,60,685,1.076345612,23,38,9,4 (on the cusp of 3/4),3,NA,NA,NA,NA,NA,NA,NA,NA,NA,NA,NA,NA,NA,NA,NA,T01626,NA,60,350,CS40,BS40,CT1; CT2 (outside cloaca),33,NA,NA,,NA,NA,NA,NA,NA,NA,NA,11:05,NA,18,29.6,Fat neck not shoulders
269,NA,NA,NA,F,Adult,T,NA,Initial Sighting,-18.02956,122.26698,WB37103,NA,9.00119E+14,9.00119E+14,NA,16/04/2026,12:56,889,846,80,765,1.138635458,5.2,20.5,5.9,4 or 5,3,Unknown,NA,NA,NA,NA,NA,NA,NA,NA,NA,NA,NA,NA,NA,NA,T01394,NA,61,351,CS42,BS42,CT6; CT5 (outside cloaca),32,NA,NA,,NA,NA,NA,NA,NA,NA,NA,13:48,NA,18.6,29.8,"Disfigured nostril, distended cloaca"
270,NA,NA,NA,M,Adult,T,NA,Initial Sighting,-18.0385,122.25631,WB24795,NA,9.00119E+14,9.92E+14,NA,17/04/2026,09:21,827,799,60,665,1.060802957,21.2,38.7,9.8,3,3,NA,NA,NA,NA,NA,NA,NA,NA,NA,NA,NA,NA,NA,NA,NA,T01536,NA,62,352,CS46,NA,CT8;CT3 (outside cloaca),NA,NA,NA,,NA,NA,NA,NA,NA,NA,NA,10:23,NA,17,29.4,Penis out
271,NA,NA,NA,F,Adult,T,NA,Initial Sighting,-18.02725,122.26316,WB24796,NA,9.92E+14,9.92E+14,NA,17/04/2026,11:44,884,838,77,711,1.114638219,4.5,22,5.9,4,3,Unknown,NA,NA,NA,NA,NA,NA,NA,NA,NA,NA,NA,NA,NA,NA,T01448,NA,63,353,CS43,BS23,CT9; CT10 (outside cloaca),33,NA,NA,,NA,NA,NA,NA,NA,NA,NA,12:36,NA,17.2,29.4,
272,NA,NA,NA,F,Adult,T,NA,Initial Sighting,-18.08428,122.13751,WB24797,NA,9.92E+14,9.92E+14,NA,18/04/2026,11:51,840,782,69,728,1.164156139,5,21,6,4,3,None,NA,NA,NA,NA,NA,NA,NA,NA,NA,NA,NA,NA,NA,NA,T01541,NA,64,354,CS44,BS47,CT12; CT4 (outside cloaca),32,Camera,NA,RBB2026_04_01CC,CC-07-159,39370,05-150.824,D6,NA,NA,12:45,13:00,19/04/2026,13,28.7,"Barnacles, old healed ulcer on back of neck"
273,NA,NA,NA,NA,Post-hatchling,T,NA,Initial Sighting,-18.03476,122.22118,NA,NA,NA,NA,NA,19/04/2026,11:38,187 (CCL max),NA,0.7,169,1.070466844,NA,NA,NA,NA,NA,NA,NA,NA,NA,NA,NA,NA,NA,NA,NA,NA,NA,NA,NA,NA,T01398,NA,NA,NA,CS45 (outside after pooing),BS16,CT11,NA,NA,NA,,NA,NA,NA,NA,NA,NA,NA,11:52,NA,25,28.9,"Barnacles collected, damage rear right carapace"
274,NA,NA,NA,NA,Post-hatchling,T,NA,Initial Sighting,-18.03368,122.23587,NA,NA,NA,NA,NA,19/04/2026,12:16,180 (CCL max),NA,0.58,160,1.416015625,NA,NA,NA,NA,NA,NA,NA,NA,NA,NA,NA,NA,NA,NA,NA,NA,NA,NA,NA,NA,T01337,NA,NA,NA,CS47,BS45,CT7,NA,NA,NA,,NA,NA,NA,NA,NA,NA,NA,12:26,NA,60,28,Damage rear carapace
275,NA,NA,NA,M,Adult,T,NA,Initial Sighting,-18.02797,122.26924,WB24798,NA,9.92E+14,9.92E+14,NA,19/04/2026,13:03,848,803,69,704,1.131518174,22,37,15,4,3,NA,NA,NA,NA,NA,NA,NA,NA,NA,NA,NA,NA,NA,NA,NA,T01276,NA,65,355,CS42,BS44,BS6; CT13 (outside cloaca),34,Camera,NA,RBB2026_04_02CC,CC-07-157,39370,0?-150.844,unsure,NA,NA,14:00,14:09,20/04/2026,23,29,"Propeller damage? Penis out, wet boat"